noti_id,user_id,noti_type,title,body,is_read,created_at,message_body
1,3049,analysis_ready,AI 분석 결과가 생성되었습니다.,"서강대학교 기준 내신이 기준보다 높아 생기부 보완이 필요. 키워드 적합도 6건, 생기부 중요도는 절대적으로 반영.",0,2026-04-22 09:31:00,
2,3049,recommendation_ready,추천 전형 3건이 준비되었습니다.,상위 3개 지원전략이 Excel 산출물에 반영되었습니다.,0,2026-04-22 09:32:00,
3,3050,analysis_ready,AI 분석 결과가 생성되었습니다.,"서강대학교 기준 내신이 70% 컷 안쪽에 위치. 키워드 적합도 5건, 생기부 중요도는 절대적으로 반영.",0,2026-04-22 09:31:00,
4,3050,recommendation_ready,추천 전형 3건이 준비되었습니다.,상위 3개 지원전략이 Excel 산출물에 반영되었습니다.,0,2026-04-22 09:32:00,
5,3051,analysis_ready,AI 분석 결과가 생성되었습니다.,"서강대학교 기준 내신이 70% 컷 안쪽에 위치. 키워드 적합도 4건, 생기부 중요도는 절대적으로 반영.",0,2026-04-22 09:31:00,
6,3051,recommendation_ready,추천 전형 3건이 준비되었습니다.,상위 3개 지원전략이 Excel 산출물에 반영되었습니다.,0,2026-04-22 09:32:00,
7,3052,analysis_ready,AI 분석 결과가 생성되었습니다.,"서강대학교 기준 내신이 기준보다 높아 생기부 보완이 필요. 키워드 적합도 2건, 생기부 중요도는 절대적으로 반영.",0,2026-04-22 09:31:00,
8,3052,recommendation_ready,추천 전형 3건이 준비되었습니다.,상위 3개 지원전략이 Excel 산출물에 반영되었습니다.,0,2026-04-22 09:32:00,
9,3053,analysis_ready,AI 분석 결과가 생성되었습니다.,"서강대학교 기준 내신이 70% 컷 안쪽에 위치. 키워드 적합도 3건, 생기부 중요도는 절대적으로 반영.",0,2026-04-22 09:31:00,
10,3053,recommendation_ready,추천 전형 3건이 준비되었습니다.,상위 3개 지원전략이 Excel 산출물에 반영되었습니다.,0,2026-04-22 09:32:00,
11,3054,analysis_ready,AI 분석 결과가 생성되었습니다.,"서강대학교 기준 내신이 기준보다 높아 생기부 보완이 필요. 키워드 적합도 4건, 생기부 중요도는 절대적으로 반영.",0,2026-04-22 09:31:00,
12,3054,recommendation_ready,추천 전형 3건이 준비되었습니다.,상위 3개 지원전략이 Excel 산출물에 반영되었습니다.,0,2026-04-22 09:32:00,
13,3055,analysis_ready,AI 분석 결과가 생성되었습니다.,"경기대학교 기준 내신이 70% 컷 안쪽에 위치. 키워드 적합도 2건, 생기부 중요도는 보통으로 반영.",0,2026-04-22 09:31:00,
14,3055,recommendation_ready,추천 전형 3건이 준비되었습니다.,상위 3개 지원전략이 Excel 산출물에 반영되었습니다.,0,2026-04-22 09:32:00,
15,3056,analysis_ready,AI 분석 결과가 생성되었습니다.,"서강대학교 기준 내신이 70% 컷 안쪽에 위치. 키워드 적합도 5건, 생기부 중요도는 절대적으로 반영.",0,2026-04-22 09:31:00,
16,3056,recommendation_ready,추천 전형 3건이 준비되었습니다.,상위 3개 지원전략이 Excel 산출물에 반영되었습니다.,0,2026-04-22 09:32:00,
17,3057,analysis_ready,AI 분석 결과가 생성되었습니다.,"서강대학교 기준 내신이 기준보다 높아 생기부 보완이 필요. 키워드 적합도 4건, 생기부 중요도는 절대적으로 반영.",0,2026-04-22 09:31:00,
18,3057,recommendation_ready,추천 전형 3건이 준비되었습니다.,상위 3개 지원전략이 Excel 산출물에 반영되었습니다.,0,2026-04-22 09:32:00,
19,3058,analysis_ready,AI 분석 결과가 생성되었습니다.,"서강대학교 기준 내신이 기준보다 높아 생기부 보완이 필요. 키워드 적합도 4건, 생기부 중요도는 절대적으로 반영.",0,2026-04-22 09:31:00,
20,3058,recommendation_ready,추천 전형 3건이 준비되었습니다.,상위 3개 지원전략이 Excel 산출물에 반영되었습니다.,0,2026-04-22 09:32:00,
21,3059,analysis_ready,AI 분석 결과가 생성되었습니다.,"서강대학교 기준 내신이 70% 컷 안쪽에 위치. 키워드 적합도 5건, 생기부 중요도는 절대적으로 반영.",0,2026-04-22 09:31:00,
22,3059,recommendation_ready,추천 전형 3건이 준비되었습니다.,상위 3개 지원전략이 Excel 산출물에 반영되었습니다.,0,2026-04-22 09:32:00,
23,3060,analysis_ready,AI 분석 결과가 생성되었습니다.,"서강대학교 기준 내신이 70% 컷 안쪽에 위치. 키워드 적합도 5건, 생기부 중요도는 절대적으로 반영.",0,2026-04-22 09:31:00,
24,3060,recommendation_ready,추천 전형 3건이 준비되었습니다.,상위 3개 지원전략이 Excel 산출물에 반영되었습니다.,0,2026-04-22 09:32:00,
25,3061,analysis_ready,AI 분석 결과가 생성되었습니다.,"서강대학교 기준 내신이 기준보다 높아 생기부 보완이 필요. 키워드 적합도 2건, 생기부 중요도는 절대적으로 반영.",0,2026-04-22 09:31:00,
26,3061,recommendation_ready,추천 전형 3건이 준비되었습니다.,상위 3개 지원전략이 Excel 산출물에 반영되었습니다.,0,2026-04-22 09:32:00,
27,3062,analysis_ready,AI 분석 결과가 생성되었습니다.,"서강대학교 기준 내신이 기준보다 높아 생기부 보완이 필요. 키워드 적합도 2건, 생기부 중요도는 절대적으로 반영.",0,2026-04-22 09:31:00,
28,3062,recommendation_ready,추천 전형 3건이 준비되었습니다.,상위 3개 지원전략이 Excel 산출물에 반영되었습니다.,0,2026-04-22 09:32:00,
29,3063,analysis_ready,AI 분석 결과가 생성되었습니다.,"경기대학교 기준 내신이 70% 컷 안쪽에 위치. 키워드 적합도 1건, 생기부 중요도는 보통으로 반영.",0,2026-04-22 09:31:00,
30,3063,recommendation_ready,추천 전형 3건이 준비되었습니다.,상위 3개 지원전략이 Excel 산출물에 반영되었습니다.,0,2026-04-22 09:32:00,
31,3064,analysis_ready,AI 분석 결과가 생성되었습니다.,"서강대학교 기준 내신이 70% 컷 안쪽에 위치. 키워드 적합도 5건, 생기부 중요도는 절대적으로 반영.",0,2026-04-22 09:31:00,
32,3064,recommendation_ready,추천 전형 3건이 준비되었습니다.,상위 3개 지원전략이 Excel 산출물에 반영되었습니다.,0,2026-04-22 09:32:00,
33,3065,analysis_ready,AI 분석 결과가 생성되었습니다.,"서강대학교 기준 내신이 70% 컷 안쪽에 위치. 키워드 적합도 4건, 생기부 중요도는 절대적으로 반영.",0,2026-04-22 09:31:00,
34,3065,recommendation_ready,추천 전형 3건이 준비되었습니다.,상위 3개 지원전략이 Excel 산출물에 반영되었습니다.,0,2026-04-22 09:32:00,
35,3066,analysis_ready,AI 분석 결과가 생성되었습니다.,"경기대학교 기준 내신이 70% 컷 안쪽에 위치. 키워드 적합도 1건, 생기부 중요도는 보통으로 반영.",0,2026-04-22 09:31:00,
36,3066,recommendation_ready,추천 전형 3건이 준비되었습니다.,상위 3개 지원전략이 Excel 산출물에 반영되었습니다.,0,2026-04-22 09:32:00,
37,3067,analysis_ready,AI 분석 결과가 생성되었습니다.,"서강대학교 기준 내신이 기준보다 높아 생기부 보완이 필요. 키워드 적합도 4건, 생기부 중요도는 절대적으로 반영.",0,2026-04-22 09:31:00,
38,3067,recommendation_ready,추천 전형 3건이 준비되었습니다.,상위 3개 지원전략이 Excel 산출물에 반영되었습니다.,0,2026-04-22 09:32:00,
39,3068,analysis_ready,AI 분석 결과가 생성되었습니다.,"서강대학교 기준 내신이 70% 컷 안쪽에 위치. 키워드 적합도 3건, 생기부 중요도는 절대적으로 반영.",0,2026-04-22 09:31:00,
40,3068,recommendation_ready,추천 전형 3건이 준비되었습니다.,상위 3개 지원전략이 Excel 산출물에 반영되었습니다.,0,2026-04-22 09:32:00,
41,3069,analysis_ready,AI 분석 결과가 생성되었습니다.,"서강대학교 기준 내신이 70% 컷 안쪽에 위치. 키워드 적합도 5건, 생기부 중요도는 절대적으로 반영.",0,2026-04-22 09:31:00,
42,3069,recommendation_ready,추천 전형 3건이 준비되었습니다.,상위 3개 지원전략이 Excel 산출물에 반영되었습니다.,0,2026-04-22 09:32:00,
43,3070,analysis_ready,AI 분석 결과가 생성되었습니다.,"경기대학교 기준 내신이 70% 컷 안쪽에 위치. 키워드 적합도 1건, 생기부 중요도는 보통으로 반영.",0,2026-04-22 09:31:00,
44,3070,recommendation_ready,추천 전형 3건이 준비되었습니다.,상위 3개 지원전략이 Excel 산출물에 반영되었습니다.,0,2026-04-22 09:32:00,
45,3071,analysis_ready,AI 분석 결과가 생성되었습니다.,"서강대학교 기준 내신이 70% 컷 안쪽에 위치. 키워드 적합도 5건, 생기부 중요도는 절대적으로 반영.",0,2026-04-22 09:31:00,
46,3071,recommendation_ready,추천 전형 3건이 준비되었습니다.,상위 3개 지원전략이 Excel 산출물에 반영되었습니다.,0,2026-04-22 09:32:00,
47,3072,analysis_ready,AI 분석 결과가 생성되었습니다.,"서강대학교 기준 내신이 70% 컷 안쪽에 위치. 키워드 적합도 4건, 생기부 중요도는 절대적으로 반영.",0,2026-04-22 09:31:00,
48,3072,recommendation_ready,추천 전형 3건이 준비되었습니다.,상위 3개 지원전략이 Excel 산출물에 반영되었습니다.,0,2026-04-22 09:32:00,
49,3073,analysis_ready,AI 분석 결과가 생성되었습니다.,"서강대학교 기준 내신이 70% 컷 안쪽에 위치. 키워드 적합도 2건, 생기부 중요도는 절대적으로 반영.",0,2026-04-22 09:31:00,
50,3073,recommendation_ready,추천 전형 3건이 준비되었습니다.,상위 3개 지원전략이 Excel 산출물에 반영되었습니다.,0,2026-04-22 09:32:00,
51,3074,analysis_ready,AI 분석 결과가 생성되었습니다.,"경기대학교 기준 내신이 70% 컷 안쪽에 위치. 키워드 적합도 1건, 생기부 중요도는 보통으로 반영.",0,2026-04-22 09:31:00,
52,3074,recommendation_ready,추천 전형 3건이 준비되었습니다.,상위 3개 지원전략이 Excel 산출물에 반영되었습니다.,0,2026-04-22 09:32:00,
53,3075,analysis_ready,AI 분석 결과가 생성되었습니다.,"서강대학교 기준 내신이 70% 컷 안쪽에 위치. 키워드 적합도 3건, 생기부 중요도는 절대적으로 반영.",0,2026-04-22 09:31:00,
54,3075,recommendation_ready,추천 전형 3건이 준비되었습니다.,상위 3개 지원전략이 Excel 산출물에 반영되었습니다.,0,2026-04-22 09:32:00,
55,3076,analysis_ready,AI 분석 결과가 생성되었습니다.,"경기대학교 기준 내신이 70% 컷 안쪽에 위치. 키워드 적합도 1건, 생기부 중요도는 보통으로 반영.",0,2026-04-22 09:31:00,
56,3076,recommendation_ready,추천 전형 3건이 준비되었습니다.,상위 3개 지원전략이 Excel 산출물에 반영되었습니다.,0,2026-04-22 09:32:00,
57,3077,analysis_ready,AI 분석 결과가 생성되었습니다.,"서강대학교 기준 내신이 70% 컷 안쪽에 위치. 키워드 적합도 5건, 생기부 중요도는 절대적으로 반영.",0,2026-04-22 09:31:00,
58,3077,recommendation_ready,추천 전형 3건이 준비되었습니다.,상위 3개 지원전략이 Excel 산출물에 반영되었습니다.,0,2026-04-22 09:32:00,
59,3078,analysis_ready,AI 분석 결과가 생성되었습니다.,"서강대학교 기준 내신이 기준보다 높아 생기부 보완이 필요. 키워드 적합도 5건, 생기부 중요도는 절대적으로 반영.",0,2026-04-22 09:31:00,
60,3078,recommendation_ready,추천 전형 3건이 준비되었습니다.,상위 3개 지원전략이 Excel 산출물에 반영되었습니다.,0,2026-04-22 09:32:00,
61,3079,analysis_ready,AI 분석 결과가 생성되었습니다.,"경기대학교 기준 내신이 70% 컷 안쪽에 위치. 키워드 적합도 2건, 생기부 중요도는 보통으로 반영.",0,2026-04-22 09:31:00,
62,3079,recommendation_ready,추천 전형 3건이 준비되었습니다.,상위 3개 지원전략이 Excel 산출물에 반영되었습니다.,0,2026-04-22 09:32:00,
63,3080,analysis_ready,AI 분석 결과가 생성되었습니다.,"경기대학교 기준 내신이 70% 컷 안쪽에 위치. 키워드 적합도 1건, 생기부 중요도는 보통으로 반영.",0,2026-04-22 09:31:00,
64,3080,recommendation_ready,추천 전형 3건이 준비되었습니다.,상위 3개 지원전략이 Excel 산출물에 반영되었습니다.,0,2026-04-22 09:32:00,
65,3081,analysis_ready,AI 분석 결과가 생성되었습니다.,"서강대학교 기준 내신이 기준보다 높아 생기부 보완이 필요. 키워드 적합도 3건, 생기부 중요도는 절대적으로 반영.",0,2026-04-22 09:31:00,
66,3081,recommendation_ready,추천 전형 3건이 준비되었습니다.,상위 3개 지원전략이 Excel 산출물에 반영되었습니다.,0,2026-04-22 09:32:00,
67,3082,analysis_ready,AI 분석 결과가 생성되었습니다.,"서강대학교 기준 내신이 70% 컷 안쪽에 위치. 키워드 적합도 2건, 생기부 중요도는 절대적으로 반영.",0,2026-04-22 09:31:00,
68,3082,recommendation_ready,추천 전형 3건이 준비되었습니다.,상위 3개 지원전략이 Excel 산출물에 반영되었습니다.,0,2026-04-22 09:32:00,
69,3083,analysis_ready,AI 분석 결과가 생성되었습니다.,"서강대학교 기준 내신이 70% 컷 안쪽에 위치. 키워드 적합도 2건, 생기부 중요도는 절대적으로 반영.",0,2026-04-22 09:31:00,
70,3083,recommendation_ready,추천 전형 3건이 준비되었습니다.,상위 3개 지원전략이 Excel 산출물에 반영되었습니다.,0,2026-04-22 09:32:00,
71,3084,analysis_ready,AI 분석 결과가 생성되었습니다.,"서강대학교 기준 내신이 70% 컷 안쪽에 위치. 키워드 적합도 5건, 생기부 중요도는 절대적으로 반영.",0,2026-04-22 09:31:00,
72,3084,recommendation_ready,추천 전형 3건이 준비되었습니다.,상위 3개 지원전략이 Excel 산출물에 반영되었습니다.,0,2026-04-22 09:32:00,
73,3085,analysis_ready,AI 분석 결과가 생성되었습니다.,"서강대학교 기준 내신이 기준보다 높아 생기부 보완이 필요. 키워드 적합도 4건, 생기부 중요도는 절대적으로 반영.",0,2026-04-22 09:31:00,
74,3085,recommendation_ready,추천 전형 3건이 준비되었습니다.,상위 3개 지원전략이 Excel 산출물에 반영되었습니다.,0,2026-04-22 09:32:00,
75,3086,analysis_ready,AI 분석 결과가 생성되었습니다.,"서강대학교 기준 내신이 70% 컷 안쪽에 위치. 키워드 적합도 5건, 생기부 중요도는 절대적으로 반영.",0,2026-04-22 09:31:00,
76,3086,recommendation_ready,추천 전형 3건이 준비되었습니다.,상위 3개 지원전략이 Excel 산출물에 반영되었습니다.,0,2026-04-22 09:32:00,
77,3087,analysis_ready,AI 분석 결과가 생성되었습니다.,"서강대학교 기준 내신이 기준보다 높아 생기부 보완이 필요. 키워드 적합도 3건, 생기부 중요도는 절대적으로 반영.",0,2026-04-22 09:31:00,
78,3087,recommendation_ready,추천 전형 3건이 준비되었습니다.,상위 3개 지원전략이 Excel 산출물에 반영되었습니다.,0,2026-04-22 09:32:00,
79,3088,analysis_ready,AI 분석 결과가 생성되었습니다.,"서강대학교 기준 내신이 기준보다 높아 생기부 보완이 필요. 키워드 적합도 4건, 생기부 중요도는 절대적으로 반영.",0,2026-04-22 09:31:00,
80,3088,recommendation_ready,추천 전형 3건이 준비되었습니다.,상위 3개 지원전략이 Excel 산출물에 반영되었습니다.,0,2026-04-22 09:32:00,
81,3089,analysis_ready,AI 분석 결과가 생성되었습니다.,"서강대학교 기준 내신이 70% 컷 안쪽에 위치. 키워드 적합도 5건, 생기부 중요도는 절대적으로 반영.",0,2026-04-22 09:31:00,
82,3089,recommendation_ready,추천 전형 3건이 준비되었습니다.,상위 3개 지원전략이 Excel 산출물에 반영되었습니다.,0,2026-04-22 09:32:00,
83,3090,analysis_ready,AI 분석 결과가 생성되었습니다.,"서강대학교 기준 내신이 70% 컷 안쪽에 위치. 키워드 적합도 4건, 생기부 중요도는 절대적으로 반영.",0,2026-04-22 09:31:00,
84,3090,recommendation_ready,추천 전형 3건이 준비되었습니다.,상위 3개 지원전략이 Excel 산출물에 반영되었습니다.,0,2026-04-22 09:32:00,
85,3091,analysis_ready,AI 분석 결과가 생성되었습니다.,"서강대학교 기준 내신이 70% 컷 안쪽에 위치. 키워드 적합도 4건, 생기부 중요도는 절대적으로 반영.",0,2026-04-22 09:31:00,
86,3091,recommendation_ready,추천 전형 3건이 준비되었습니다.,상위 3개 지원전략이 Excel 산출물에 반영되었습니다.,0,2026-04-22 09:32:00,
87,3092,analysis_ready,AI 분석 결과가 생성되었습니다.,"서강대학교 기준 내신이 기준보다 높아 생기부 보완이 필요. 키워드 적합도 4건, 생기부 중요도는 절대적으로 반영.",0,2026-04-22 09:31:00,
88,3092,recommendation_ready,추천 전형 3건이 준비되었습니다.,상위 3개 지원전략이 Excel 산출물에 반영되었습니다.,0,2026-04-22 09:32:00,
89,3093,analysis_ready,AI 분석 결과가 생성되었습니다.,"서강대학교 기준 내신이 기준보다 높아 생기부 보완이 필요. 키워드 적합도 3건, 생기부 중요도는 절대적으로 반영.",0,2026-04-22 09:31:00,
90,3093,recommendation_ready,추천 전형 3건이 준비되었습니다.,상위 3개 지원전략이 Excel 산출물에 반영되었습니다.,0,2026-04-22 09:32:00,
91,3094,analysis_ready,AI 분석 결과가 생성되었습니다.,"서강대학교 기준 내신이 기준보다 높아 생기부 보완이 필요. 키워드 적합도 4건, 생기부 중요도는 절대적으로 반영.",0,2026-04-22 09:31:00,
92,3094,recommendation_ready,추천 전형 3건이 준비되었습니다.,상위 3개 지원전략이 Excel 산출물에 반영되었습니다.,0,2026-04-22 09:32:00,
93,3095,analysis_ready,AI 분석 결과가 생성되었습니다.,"서강대학교 기준 내신이 기준보다 높아 생기부 보완이 필요. 키워드 적합도 4건, 생기부 중요도는 절대적으로 반영.",0,2026-04-22 09:31:00,
94,3095,recommendation_ready,추천 전형 3건이 준비되었습니다.,상위 3개 지원전략이 Excel 산출물에 반영되었습니다.,0,2026-04-22 09:32:00,
95,3096,analysis_ready,AI 분석 결과가 생성되었습니다.,"서강대학교 기준 내신이 70% 컷 안쪽에 위치. 키워드 적합도 4건, 생기부 중요도는 절대적으로 반영.",0,2026-04-22 09:31:00,
96,3096,recommendation_ready,추천 전형 3건이 준비되었습니다.,상위 3개 지원전략이 Excel 산출물에 반영되었습니다.,0,2026-04-22 09:32:00,
97,3097,analysis_ready,AI 분석 결과가 생성되었습니다.,"서강대학교 기준 내신이 70% 컷 안쪽에 위치. 키워드 적합도 3건, 생기부 중요도는 절대적으로 반영.",0,2026-04-22 09:31:00,
98,3097,recommendation_ready,추천 전형 3건이 준비되었습니다.,상위 3개 지원전략이 Excel 산출물에 반영되었습니다.,0,2026-04-22 09:32:00,
99,3098,analysis_ready,AI 분석 결과가 생성되었습니다.,"서강대학교 기준 내신이 기준보다 높아 생기부 보완이 필요. 키워드 적합도 4건, 생기부 중요도는 절대적으로 반영.",0,2026-04-22 09:31:00,
100,3098,recommendation_ready,추천 전형 3건이 준비되었습니다.,상위 3개 지원전략이 Excel 산출물에 반영되었습니다.,0,2026-04-22 09:32:00,
101,3099,analysis_ready,AI 분석 결과가 생성되었습니다.,"서강대학교 기준 내신이 70% 컷 안쪽에 위치. 키워드 적합도 5건, 생기부 중요도는 절대적으로 반영.",0,2026-04-22 09:31:00,
102,3099,recommendation_ready,추천 전형 3건이 준비되었습니다.,상위 3개 지원전략이 Excel 산출물에 반영되었습니다.,0,2026-04-22 09:32:00,
103,3100,analysis_ready,AI 분석 결과가 생성되었습니다.,"서강대학교 기준 내신이 70% 컷 안쪽에 위치. 키워드 적합도 5건, 생기부 중요도는 절대적으로 반영.",0,2026-04-22 09:31:00,
104,3100,recommendation_ready,추천 전형 3건이 준비되었습니다.,상위 3개 지원전략이 Excel 산출물에 반영되었습니다.,0,2026-04-22 09:32:00,
105,3101,analysis_ready,AI 분석 결과가 생성되었습니다.,"서강대학교 기준 내신이 70% 컷 안쪽에 위치. 키워드 적합도 2건, 생기부 중요도는 절대적으로 반영.",0,2026-04-22 09:31:00,
106,3101,recommendation_ready,추천 전형 3건이 준비되었습니다.,상위 3개 지원전략이 Excel 산출물에 반영되었습니다.,0,2026-04-22 09:32:00,
107,3102,analysis_ready,AI 분석 결과가 생성되었습니다.,"서강대학교 기준 내신이 70% 컷 안쪽에 위치. 키워드 적합도 3건, 생기부 중요도는 절대적으로 반영.",0,2026-04-22 09:31:00,
108,3102,recommendation_ready,추천 전형 3건이 준비되었습니다.,상위 3개 지원전략이 Excel 산출물에 반영되었습니다.,0,2026-04-22 09:32:00,
109,3103,analysis_ready,AI 분석 결과가 생성되었습니다.,"경기대학교 기준 내신이 70% 컷 안쪽에 위치. 키워드 적합도 2건, 생기부 중요도는 보통으로 반영.",0,2026-04-22 09:31:00,
110,3103,recommendation_ready,추천 전형 3건이 준비되었습니다.,상위 3개 지원전략이 Excel 산출물에 반영되었습니다.,0,2026-04-22 09:32:00,
111,3104,analysis_ready,AI 분석 결과가 생성되었습니다.,"서강대학교 기준 내신이 70% 컷 안쪽에 위치. 키워드 적합도 4건, 생기부 중요도는 절대적으로 반영.",0,2026-04-22 09:31:00,
112,3104,recommendation_ready,추천 전형 3건이 준비되었습니다.,상위 3개 지원전략이 Excel 산출물에 반영되었습니다.,0,2026-04-22 09:32:00,
113,3105,analysis_ready,AI 분석 결과가 생성되었습니다.,"서강대학교 기준 내신이 70% 컷 안쪽에 위치. 키워드 적합도 5건, 생기부 중요도는 절대적으로 반영.",0,2026-04-22 09:31:00,
114,3105,recommendation_ready,추천 전형 3건이 준비되었습니다.,상위 3개 지원전략이 Excel 산출물에 반영되었습니다.,0,2026-04-22 09:32:00,
115,3106,analysis_ready,AI 분석 결과가 생성되었습니다.,"서강대학교 기준 내신이 기준보다 높아 생기부 보완이 필요. 키워드 적합도 5건, 생기부 중요도는 절대적으로 반영.",0,2026-04-22 09:31:00,
116,3106,recommendation_ready,추천 전형 3건이 준비되었습니다.,상위 3개 지원전략이 Excel 산출물에 반영되었습니다.,0,2026-04-22 09:32:00,
117,3107,analysis_ready,AI 분석 결과가 생성되었습니다.,"서강대학교 기준 내신이 70% 컷 안쪽에 위치. 키워드 적합도 4건, 생기부 중요도는 절대적으로 반영.",0,2026-04-22 09:31:00,
118,3107,recommendation_ready,추천 전형 3건이 준비되었습니다.,상위 3개 지원전략이 Excel 산출물에 반영되었습니다.,0,2026-04-22 09:32:00,
119,3108,analysis_ready,AI 분석 결과가 생성되었습니다.,"서강대학교 기준 내신이 기준보다 높아 생기부 보완이 필요. 키워드 적합도 3건, 생기부 중요도는 절대적으로 반영.",0,2026-04-22 09:31:00,
120,3108,recommendation_ready,추천 전형 3건이 준비되었습니다.,상위 3개 지원전략이 Excel 산출물에 반영되었습니다.,0,2026-04-22 09:32:00,
121,3109,analysis_ready,AI 분석 결과가 생성되었습니다.,"서강대학교 기준 내신이 70% 컷 안쪽에 위치. 키워드 적합도 6건, 생기부 중요도는 절대적으로 반영.",0,2026-04-22 09:31:00,
122,3109,recommendation_ready,추천 전형 3건이 준비되었습니다.,상위 3개 지원전략이 Excel 산출물에 반영되었습니다.,0,2026-04-22 09:32:00,
123,3110,analysis_ready,AI 분석 결과가 생성되었습니다.,"서강대학교 기준 내신이 70% 컷 안쪽에 위치. 키워드 적합도 4건, 생기부 중요도는 절대적으로 반영.",0,2026-04-22 09:31:00,
124,3110,recommendation_ready,추천 전형 3건이 준비되었습니다.,상위 3개 지원전략이 Excel 산출물에 반영되었습니다.,0,2026-04-22 09:32:00,
125,3111,analysis_ready,AI 분석 결과가 생성되었습니다.,"서강대학교 기준 내신이 70% 컷 안쪽에 위치. 키워드 적합도 2건, 생기부 중요도는 절대적으로 반영.",0,2026-04-22 09:31:00,
126,3111,recommendation_ready,추천 전형 3건이 준비되었습니다.,상위 3개 지원전략이 Excel 산출물에 반영되었습니다.,0,2026-04-22 09:32:00,
127,3112,analysis_ready,AI 분석 결과가 생성되었습니다.,"서강대학교 기준 내신이 기준보다 높아 생기부 보완이 필요. 키워드 적합도 5건, 생기부 중요도는 절대적으로 반영.",0,2026-04-22 09:31:00,
128,3112,recommendation_ready,추천 전형 3건이 준비되었습니다.,상위 3개 지원전략이 Excel 산출물에 반영되었습니다.,0,2026-04-22 09:32:00,
129,3113,analysis_ready,AI 분석 결과가 생성되었습니다.,"경기대학교 기준 내신이 70% 컷 안쪽에 위치. 키워드 적합도 1건, 생기부 중요도는 보통으로 반영.",0,2026-04-22 09:31:00,
130,3113,recommendation_ready,추천 전형 3건이 준비되었습니다.,상위 3개 지원전략이 Excel 산출물에 반영되었습니다.,0,2026-04-22 09:32:00,
131,3114,analysis_ready,AI 분석 결과가 생성되었습니다.,"서강대학교 기준 내신이 70% 컷 안쪽에 위치. 키워드 적합도 5건, 생기부 중요도는 절대적으로 반영.",0,2026-04-22 09:31:00,
132,3114,recommendation_ready,추천 전형 3건이 준비되었습니다.,상위 3개 지원전략이 Excel 산출물에 반영되었습니다.,0,2026-04-22 09:32:00,
133,3115,analysis_ready,AI 분석 결과가 생성되었습니다.,"서강대학교 기준 내신이 기준보다 높아 생기부 보완이 필요. 키워드 적합도 3건, 생기부 중요도는 절대적으로 반영.",0,2026-04-22 09:31:00,
134,3115,recommendation_ready,추천 전형 3건이 준비되었습니다.,상위 3개 지원전략이 Excel 산출물에 반영되었습니다.,0,2026-04-22 09:32:00,
135,3116,analysis_ready,AI 분석 결과가 생성되었습니다.,"서강대학교 기준 내신이 70% 컷 안쪽에 위치. 키워드 적합도 5건, 생기부 중요도는 절대적으로 반영.",0,2026-04-22 09:31:00,
136,3116,recommendation_ready,추천 전형 3건이 준비되었습니다.,상위 3개 지원전략이 Excel 산출물에 반영되었습니다.,0,2026-04-22 09:32:00,
137,3117,analysis_ready,AI 분석 결과가 생성되었습니다.,"서강대학교 기준 내신이 70% 컷 안쪽에 위치. 키워드 적합도 3건, 생기부 중요도는 절대적으로 반영.",0,2026-04-22 09:31:00,
138,3117,recommendation_ready,추천 전형 3건이 준비되었습니다.,상위 3개 지원전략이 Excel 산출물에 반영되었습니다.,0,2026-04-22 09:32:00,
139,3118,analysis_ready,AI 분석 결과가 생성되었습니다.,"서강대학교 기준 내신이 기준보다 높아 생기부 보완이 필요. 키워드 적합도 3건, 생기부 중요도는 절대적으로 반영.",0,2026-04-22 09:31:00,
140,3118,recommendation_ready,추천 전형 3건이 준비되었습니다.,상위 3개 지원전략이 Excel 산출물에 반영되었습니다.,0,2026-04-22 09:32:00,
141,3119,analysis_ready,AI 분석 결과가 생성되었습니다.,"서강대학교 기준 내신이 70% 컷 안쪽에 위치. 키워드 적합도 6건, 생기부 중요도는 절대적으로 반영.",0,2026-04-22 09:31:00,
142,3119,recommendation_ready,추천 전형 3건이 준비되었습니다.,상위 3개 지원전략이 Excel 산출물에 반영되었습니다.,0,2026-04-22 09:32:00,
143,3120,analysis_ready,AI 분석 결과가 생성되었습니다.,"서강대학교 기준 내신이 기준보다 높아 생기부 보완이 필요. 키워드 적합도 5건, 생기부 중요도는 절대적으로 반영.",0,2026-04-22 09:31:00,
144,3120,recommendation_ready,추천 전형 3건이 준비되었습니다.,상위 3개 지원전략이 Excel 산출물에 반영되었습니다.,0,2026-04-22 09:32:00,
145,3121,analysis_ready,AI 분석 결과가 생성되었습니다.,"서강대학교 기준 내신이 기준보다 높아 생기부 보완이 필요. 키워드 적합도 4건, 생기부 중요도는 절대적으로 반영.",0,2026-04-22 09:31:00,
146,3121,recommendation_ready,추천 전형 3건이 준비되었습니다.,상위 3개 지원전략이 Excel 산출물에 반영되었습니다.,0,2026-04-22 09:32:00,
147,3122,analysis_ready,AI 분석 결과가 생성되었습니다.,"서강대학교 기준 내신이 기준보다 높아 생기부 보완이 필요. 키워드 적합도 2건, 생기부 중요도는 절대적으로 반영.",0,2026-04-22 09:31:00,
148,3122,recommendation_ready,추천 전형 3건이 준비되었습니다.,상위 3개 지원전략이 Excel 산출물에 반영되었습니다.,0,2026-04-22 09:32:00,
149,3123,analysis_ready,AI 분석 결과가 생성되었습니다.,"서강대학교 기준 내신이 기준보다 높아 생기부 보완이 필요. 키워드 적합도 3건, 생기부 중요도는 절대적으로 반영.",0,2026-04-22 09:31:00,
150,3123,recommendation_ready,추천 전형 3건이 준비되었습니다.,상위 3개 지원전략이 Excel 산출물에 반영되었습니다.,0,2026-04-22 09:32:00,
151,3124,analysis_ready,AI 분석 결과가 생성되었습니다.,"서강대학교 기준 내신이 기준보다 높아 생기부 보완이 필요. 키워드 적합도 4건, 생기부 중요도는 절대적으로 반영.",0,2026-04-22 09:31:00,
152,3124,recommendation_ready,추천 전형 3건이 준비되었습니다.,상위 3개 지원전략이 Excel 산출물에 반영되었습니다.,0,2026-04-22 09:32:00,
153,3125,analysis_ready,AI 분석 결과가 생성되었습니다.,"서강대학교 기준 내신이 70% 컷 안쪽에 위치. 키워드 적합도 3건, 생기부 중요도는 절대적으로 반영.",0,2026-04-22 09:31:00,
154,3125,recommendation_ready,추천 전형 3건이 준비되었습니다.,상위 3개 지원전략이 Excel 산출물에 반영되었습니다.,0,2026-04-22 09:32:00,
155,3126,analysis_ready,AI 분석 결과가 생성되었습니다.,"서강대학교 기준 내신이 70% 컷 안쪽에 위치. 키워드 적합도 5건, 생기부 중요도는 절대적으로 반영.",0,2026-04-22 09:31:00,
156,3126,recommendation_ready,추천 전형 3건이 준비되었습니다.,상위 3개 지원전략이 Excel 산출물에 반영되었습니다.,0,2026-04-22 09:32:00,
157,3127,analysis_ready,AI 분석 결과가 생성되었습니다.,"서강대학교 기준 내신이 70% 컷 안쪽에 위치. 키워드 적합도 4건, 생기부 중요도는 절대적으로 반영.",0,2026-04-22 09:31:00,
158,3127,recommendation_ready,추천 전형 3건이 준비되었습니다.,상위 3개 지원전략이 Excel 산출물에 반영되었습니다.,0,2026-04-22 09:32:00,
159,3128,analysis_ready,AI 분석 결과가 생성되었습니다.,"서강대학교 기준 내신이 기준보다 높아 생기부 보완이 필요. 키워드 적합도 4건, 생기부 중요도는 절대적으로 반영.",0,2026-04-22 09:31:00,
160,3128,recommendation_ready,추천 전형 3건이 준비되었습니다.,상위 3개 지원전략이 Excel 산출물에 반영되었습니다.,0,2026-04-22 09:32:00,
161,3129,analysis_ready,AI 분석 결과가 생성되었습니다.,"서강대학교 기준 내신이 70% 컷 안쪽에 위치. 키워드 적합도 5건, 생기부 중요도는 절대적으로 반영.",0,2026-04-22 09:31:00,
162,3129,recommendation_ready,추천 전형 3건이 준비되었습니다.,상위 3개 지원전략이 Excel 산출물에 반영되었습니다.,0,2026-04-22 09:32:00,
163,3130,analysis_ready,AI 분석 결과가 생성되었습니다.,"서강대학교 기준 내신이 기준보다 높아 생기부 보완이 필요. 키워드 적합도 5건, 생기부 중요도는 절대적으로 반영.",0,2026-04-22 09:31:00,
164,3130,recommendation_ready,추천 전형 3건이 준비되었습니다.,상위 3개 지원전략이 Excel 산출물에 반영되었습니다.,0,2026-04-22 09:32:00,
165,3131,analysis_ready,AI 분석 결과가 생성되었습니다.,"서강대학교 기준 내신이 기준보다 높아 생기부 보완이 필요. 키워드 적합도 2건, 생기부 중요도는 절대적으로 반영.",0,2026-04-22 09:31:00,
166,3131,recommendation_ready,추천 전형 3건이 준비되었습니다.,상위 3개 지원전략이 Excel 산출물에 반영되었습니다.,0,2026-04-22 09:32:00,
167,3132,analysis_ready,AI 분석 결과가 생성되었습니다.,"서강대학교 기준 내신이 70% 컷 안쪽에 위치. 키워드 적합도 2건, 생기부 중요도는 절대적으로 반영.",0,2026-04-22 09:31:00,
168,3132,recommendation_ready,추천 전형 3건이 준비되었습니다.,상위 3개 지원전략이 Excel 산출물에 반영되었습니다.,0,2026-04-22 09:32:00,
169,3133,analysis_ready,AI 분석 결과가 생성되었습니다.,"경기대학교 기준 내신이 70% 컷 안쪽에 위치. 키워드 적합도 2건, 생기부 중요도는 보통으로 반영.",0,2026-04-22 09:31:00,
170,3133,recommendation_ready,추천 전형 3건이 준비되었습니다.,상위 3개 지원전략이 Excel 산출물에 반영되었습니다.,0,2026-04-22 09:32:00,
171,3134,analysis_ready,AI 분석 결과가 생성되었습니다.,"서강대학교 기준 내신이 기준보다 높아 생기부 보완이 필요. 키워드 적합도 5건, 생기부 중요도는 절대적으로 반영.",0,2026-04-22 09:31:00,
172,3134,recommendation_ready,추천 전형 3건이 준비되었습니다.,상위 3개 지원전략이 Excel 산출물에 반영되었습니다.,0,2026-04-22 09:32:00,
173,3135,analysis_ready,AI 분석 결과가 생성되었습니다.,"서강대학교 기준 내신이 기준보다 높아 생기부 보완이 필요. 키워드 적합도 4건, 생기부 중요도는 절대적으로 반영.",0,2026-04-22 09:31:00,
174,3135,recommendation_ready,추천 전형 3건이 준비되었습니다.,상위 3개 지원전략이 Excel 산출물에 반영되었습니다.,0,2026-04-22 09:32:00,
175,3136,analysis_ready,AI 분석 결과가 생성되었습니다.,"서강대학교 기준 내신이 기준보다 높아 생기부 보완이 필요. 키워드 적합도 4건, 생기부 중요도는 절대적으로 반영.",0,2026-04-22 09:31:00,
176,3136,recommendation_ready,추천 전형 3건이 준비되었습니다.,상위 3개 지원전략이 Excel 산출물에 반영되었습니다.,0,2026-04-22 09:32:00,
177,3137,analysis_ready,AI 분석 결과가 생성되었습니다.,"서강대학교 기준 내신이 70% 컷 안쪽에 위치. 키워드 적합도 4건, 생기부 중요도는 절대적으로 반영.",0,2026-04-22 09:31:00,
178,3137,recommendation_ready,추천 전형 3건이 준비되었습니다.,상위 3개 지원전략이 Excel 산출물에 반영되었습니다.,0,2026-04-22 09:32:00,
179,3138,analysis_ready,AI 분석 결과가 생성되었습니다.,"서강대학교 기준 내신이 70% 컷 안쪽에 위치. 키워드 적합도 3건, 생기부 중요도는 절대적으로 반영.",0,2026-04-22 09:31:00,
180,3138,recommendation_ready,추천 전형 3건이 준비되었습니다.,상위 3개 지원전략이 Excel 산출물에 반영되었습니다.,0,2026-04-22 09:32:00,
181,3139,analysis_ready,AI 분석 결과가 생성되었습니다.,"경기대학교 기준 내신이 70% 컷 안쪽에 위치. 키워드 적합도 2건, 생기부 중요도는 보통으로 반영.",0,2026-04-22 09:31:00,
182,3139,recommendation_ready,추천 전형 3건이 준비되었습니다.,상위 3개 지원전략이 Excel 산출물에 반영되었습니다.,0,2026-04-22 09:32:00,
183,3140,analysis_ready,AI 분석 결과가 생성되었습니다.,"경기대학교 기준 내신이 70% 컷 안쪽에 위치. 키워드 적합도 1건, 생기부 중요도는 보통으로 반영.",0,2026-04-22 09:31:00,
184,3140,recommendation_ready,추천 전형 3건이 준비되었습니다.,상위 3개 지원전략이 Excel 산출물에 반영되었습니다.,0,2026-04-22 09:32:00,
185,3141,analysis_ready,AI 분석 결과가 생성되었습니다.,"경기대학교 기준 내신이 70% 컷 안쪽에 위치. 키워드 적합도 1건, 생기부 중요도는 보통으로 반영.",0,2026-04-22 09:31:00,
186,3141,recommendation_ready,추천 전형 3건이 준비되었습니다.,상위 3개 지원전략이 Excel 산출물에 반영되었습니다.,0,2026-04-22 09:32:00,
187,3142,analysis_ready,AI 분석 결과가 생성되었습니다.,"경기대학교 기준 내신이 70% 컷 안쪽에 위치. 키워드 적합도 1건, 생기부 중요도는 보통으로 반영.",0,2026-04-22 09:31:00,
188,3142,recommendation_ready,추천 전형 3건이 준비되었습니다.,상위 3개 지원전략이 Excel 산출물에 반영되었습니다.,0,2026-04-22 09:32:00,
189,3143,analysis_ready,AI 분석 결과가 생성되었습니다.,"서강대학교 기준 내신이 기준보다 높아 생기부 보완이 필요. 키워드 적합도 2건, 생기부 중요도는 절대적으로 반영.",0,2026-04-22 09:31:00,
190,3143,recommendation_ready,추천 전형 3건이 준비되었습니다.,상위 3개 지원전략이 Excel 산출물에 반영되었습니다.,0,2026-04-22 09:32:00,
191,3144,analysis_ready,AI 분석 결과가 생성되었습니다.,"서강대학교 기준 내신이 70% 컷 안쪽에 위치. 키워드 적합도 5건, 생기부 중요도는 절대적으로 반영.",0,2026-04-22 09:31:00,
192,3144,recommendation_ready,추천 전형 3건이 준비되었습니다.,상위 3개 지원전략이 Excel 산출물에 반영되었습니다.,0,2026-04-22 09:32:00,
193,3145,analysis_ready,AI 분석 결과가 생성되었습니다.,"서강대학교 기준 내신이 70% 컷 안쪽에 위치. 키워드 적합도 3건, 생기부 중요도는 절대적으로 반영.",0,2026-04-22 09:31:00,
194,3145,recommendation_ready,추천 전형 3건이 준비되었습니다.,상위 3개 지원전략이 Excel 산출물에 반영되었습니다.,0,2026-04-22 09:32:00,
195,3146,analysis_ready,AI 분석 결과가 생성되었습니다.,"서강대학교 기준 내신이 70% 컷 안쪽에 위치. 키워드 적합도 4건, 생기부 중요도는 절대적으로 반영.",0,2026-04-22 09:31:00,
196,3146,recommendation_ready,추천 전형 3건이 준비되었습니다.,상위 3개 지원전략이 Excel 산출물에 반영되었습니다.,0,2026-04-22 09:32:00,
197,3147,analysis_ready,AI 분석 결과가 생성되었습니다.,"서강대학교 기준 내신이 기준보다 높아 생기부 보완이 필요. 키워드 적합도 5건, 생기부 중요도는 절대적으로 반영.",0,2026-04-22 09:31:00,
198,3147,recommendation_ready,추천 전형 3건이 준비되었습니다.,상위 3개 지원전략이 Excel 산출물에 반영되었습니다.,0,2026-04-22 09:32:00,
199,3148,analysis_ready,AI 분석 결과가 생성되었습니다.,"서강대학교 기준 내신이 70% 컷 안쪽에 위치. 키워드 적합도 5건, 생기부 중요도는 절대적으로 반영.",0,2026-04-22 09:31:00,
200,3148,recommendation_ready,추천 전형 3건이 준비되었습니다.,상위 3개 지원전략이 Excel 산출물에 반영되었습니다.,0,2026-04-22 09:32:00,
201,3149,analysis,성적 데이터가 저장되었습니다,"내신 12건, 모의고사 1건이 반영되었습니다.",0,2026-04-30 15:23:08,
202,3149,analysis,성적 데이터가 저장되었습니다,"내신 12건, 모의고사 2건이 반영되었습니다.",0,2026-04-30 15:23:16,
203,3148,analysis,성적 데이터가 저장되었습니다,"내신 6건, 모의고사 1건이 반영되었습니다.",0,2026-04-30 15:33:12,
204,3049,analysis,성적 데이터가 저장되었습니다,"내신 8건, 모의고사 1건이 반영되었습니다.",0,2026-05-01 12:53:16,
205,3049,analysis,성적 데이터가 저장되었습니다,"내신 8건, 모의고사 1건이 반영되었습니다.",0,2026-05-01 12:53:26,
206,3049,analysis,성적 데이터가 저장되었습니다,"내신 8건, 모의고사 1건이 반영되었습니다.",0,2026-05-01 12:56:15,
207,3049,analysis,성적 데이터가 저장되었습니다,"내신 8건, 모의고사 1건이 반영되었습니다.",0,2026-05-01 12:56:16,
208,3049,analysis,성적 데이터가 저장되었습니다,"내신 8건, 모의고사 1건이 반영되었습니다.",0,2026-05-01 12:56:16,
209,3049,analysis,성적 데이터가 저장되었습니다,"내신 8건, 모의고사 1건이 반영되었습니다.",0,2026-05-01 12:56:17,
210,3049,analysis,성적 데이터가 저장되었습니다,"내신 8건, 모의고사 1건이 반영되었습니다.",0,2026-05-01 12:56:17,
211,3049,analysis,성적 데이터가 저장되었습니다,"내신 8건, 모의고사 1건이 반영되었습니다.",0,2026-05-01 12:56:27,
212,3049,analysis,성적 데이터가 저장되었습니다,"내신 8건, 모의고사 1건이 반영되었습니다.",0,2026-05-01 12:56:27,
213,3049,analysis,성적 데이터가 저장되었습니다,"내신 8건, 모의고사 1건이 반영되었습니다.",0,2026-05-01 12:56:27,
214,3049,analysis,성적 데이터가 저장되었습니다,"내신 8건, 모의고사 1건이 반영되었습니다.",0,2026-05-01 12:56:28,
215,3049,analysis,성적 데이터가 저장되었습니다,"내신 8건, 모의고사 1건이 반영되었습니다.",0,2026-05-01 12:56:31,
216,3049,analysis,성적 데이터가 저장되었습니다,"내신 8건, 모의고사 1건이 반영되었습니다.",0,2026-05-01 12:56:32,
217,3049,analysis,성적 데이터가 저장되었습니다,"내신 8건, 모의고사 1건이 반영되었습니다.",0,2026-05-01 12:56:32,
218,3049,analysis,성적 데이터가 저장되었습니다,"내신 8건, 모의고사 1건이 반영되었습니다.",0,2026-05-01 12:56:32,
219,3049,analysis,성적 데이터가 저장되었습니다,"내신 8건, 모의고사 1건이 반영되었습니다.",0,2026-05-01 12:56:34,
220,3049,analysis,성적 데이터가 저장되었습니다,"내신 8건, 모의고사 1건이 반영되었습니다.",0,2026-05-01 12:56:34,
221,3049,analysis,성적 데이터가 저장되었습니다,"내신 8건, 모의고사 1건이 반영되었습니다.",0,2026-05-01 12:56:34,
222,3049,analysis,성적 데이터가 저장되었습니다,"내신 8건, 모의고사 1건이 반영되었습니다.",0,2026-05-01 12:56:34,
223,3049,analysis,성적 데이터가 저장되었습니다,"내신 8건, 모의고사 1건이 반영되었습니다.",0,2026-05-01 12:56:37,
224,3049,analysis,성적 데이터가 저장되었습니다,"내신 8건, 모의고사 1건이 반영되었습니다.",0,2026-05-01 12:56:37,
225,3049,analysis,성적 데이터가 저장되었습니다,"내신 8건, 모의고사 1건이 반영되었습니다.",0,2026-05-01 12:56:38,
226,3049,analysis,성적 데이터가 저장되었습니다,"내신 8건, 모의고사 1건이 반영되었습니다.",0,2026-05-01 12:56:38,
227,3049,analysis,성적 데이터가 저장되었습니다,"내신 8건, 모의고사 1건이 반영되었습니다.",0,2026-05-01 12:56:38,
228,3049,analysis,성적 데이터가 저장되었습니다,"내신 8건, 모의고사 1건이 반영되었습니다.",0,2026-05-01 12:56:38,
229,3049,analysis,성적 데이터가 저장되었습니다,"내신 8건, 모의고사 1건이 반영되었습니다.",0,2026-05-01 12:56:40,
230,3049,analysis,성적 데이터가 저장되었습니다,"내신 8건, 모의고사 1건이 반영되었습니다.",0,2026-05-01 12:56:40,
231,3049,analysis,성적 데이터가 저장되었습니다,"내신 8건, 모의고사 1건이 반영되었습니다.",0,2026-05-01 12:56:40,
232,3049,analysis,성적 데이터가 저장되었습니다,"내신 8건, 모의고사 1건이 반영되었습니다.",0,2026-05-01 12:56:41,
233,3049,analysis,성적 데이터가 저장되었습니다,"내신 8건, 모의고사 1건이 반영되었습니다.",0,2026-05-01 12:56:41,
234,3049,analysis,성적 데이터가 저장되었습니다,"내신 8건, 모의고사 1건이 반영되었습니다.",0,2026-05-01 12:56:42,
235,3049,analysis,성적 데이터가 저장되었습니다,"내신 8건, 모의고사 1건이 반영되었습니다.",0,2026-05-01 12:56:42,
236,3049,analysis,성적 데이터가 저장되었습니다,"내신 8건, 모의고사 1건이 반영되었습니다.",0,2026-05-01 12:56:42,
237,3049,analysis,성적 데이터가 저장되었습니다,"내신 8건, 모의고사 1건이 반영되었습니다.",0,2026-05-01 12:56:43,
238,3049,analysis,성적 데이터가 저장되었습니다,"내신 8건, 모의고사 1건이 반영되었습니다.",0,2026-05-01 13:01:20,
239,3049,analysis,성적 데이터가 저장되었습니다,"내신 8건, 모의고사 1건이 반영되었습니다.",0,2026-05-01 13:01:20,
240,3049,analysis,성적 데이터가 저장되었습니다,"내신 8건, 모의고사 1건이 반영되었습니다.",0,2026-05-01 13:01:20,
241,3049,analysis,성적 데이터가 저장되었습니다,"내신 8건, 모의고사 1건이 반영되었습니다.",0,2026-05-01 13:01:21,
