rec_id,student_id,admission_id,rec_score,strategy_type,reason_text,created_at,priority_rank,reason_summary
301,1,92,80.0,도전,전체 학생 목표 통일 업데이트,2026-05-01 13:16:46,,
302,1,1022,73.0,적정,전체 학생 목표 통일 업데이트,2026-05-01 13:16:46,,
303,1,1023,66.0,안정,전체 학생 목표 통일 업데이트,2026-05-01 13:16:46,,
304,2,92,80.0,도전,전체 학생 목표 통일 업데이트,2026-05-01 13:16:46,,
305,2,1022,73.0,적정,전체 학생 목표 통일 업데이트,2026-05-01 13:16:46,,
306,2,1023,66.0,안정,전체 학생 목표 통일 업데이트,2026-05-01 13:16:46,,
307,3,92,80.0,도전,전체 학생 목표 통일 업데이트,2026-05-01 13:16:46,,
308,3,1022,73.0,적정,전체 학생 목표 통일 업데이트,2026-05-01 13:16:46,,
309,3,1023,66.0,안정,전체 학생 목표 통일 업데이트,2026-05-01 13:16:46,,
310,4,92,80.0,도전,전체 학생 목표 통일 업데이트,2026-05-01 13:16:46,,
311,4,1022,73.0,적정,전체 학생 목표 통일 업데이트,2026-05-01 13:16:46,,
312,4,1023,66.0,안정,전체 학생 목표 통일 업데이트,2026-05-01 13:16:46,,
313,5,92,80.0,도전,전체 학생 목표 통일 업데이트,2026-05-01 13:16:46,,
314,5,1022,73.0,적정,전체 학생 목표 통일 업데이트,2026-05-01 13:16:46,,
315,5,1023,66.0,안정,전체 학생 목표 통일 업데이트,2026-05-01 13:16:46,,
316,6,92,80.0,도전,전체 학생 목표 통일 업데이트,2026-05-01 13:16:46,,
317,6,1022,73.0,적정,전체 학생 목표 통일 업데이트,2026-05-01 13:16:46,,
318,6,1023,66.0,안정,전체 학생 목표 통일 업데이트,2026-05-01 13:16:46,,
319,7,92,80.0,도전,전체 학생 목표 통일 업데이트,2026-05-01 13:16:46,,
320,7,1022,73.0,적정,전체 학생 목표 통일 업데이트,2026-05-01 13:16:46,,
321,7,1023,66.0,안정,전체 학생 목표 통일 업데이트,2026-05-01 13:16:46,,
322,8,92,80.0,도전,전체 학생 목표 통일 업데이트,2026-05-01 13:16:46,,
323,8,1022,73.0,적정,전체 학생 목표 통일 업데이트,2026-05-01 13:16:46,,
324,8,1023,66.0,안정,전체 학생 목표 통일 업데이트,2026-05-01 13:16:46,,
325,9,92,80.0,도전,전체 학생 목표 통일 업데이트,2026-05-01 13:16:46,,
326,9,1022,73.0,적정,전체 학생 목표 통일 업데이트,2026-05-01 13:16:46,,
327,9,1023,66.0,안정,전체 학생 목표 통일 업데이트,2026-05-01 13:16:46,,
328,10,92,80.0,도전,전체 학생 목표 통일 업데이트,2026-05-01 13:16:46,,
329,10,1022,73.0,적정,전체 학생 목표 통일 업데이트,2026-05-01 13:16:46,,
330,10,1023,66.0,안정,전체 학생 목표 통일 업데이트,2026-05-01 13:16:46,,
331,11,92,80.0,도전,전체 학생 목표 통일 업데이트,2026-05-01 13:16:46,,
332,11,1022,73.0,적정,전체 학생 목표 통일 업데이트,2026-05-01 13:16:46,,
333,11,1023,66.0,안정,전체 학생 목표 통일 업데이트,2026-05-01 13:16:46,,
334,12,92,80.0,도전,전체 학생 목표 통일 업데이트,2026-05-01 13:16:46,,
335,12,1022,73.0,적정,전체 학생 목표 통일 업데이트,2026-05-01 13:16:46,,
336,12,1023,66.0,안정,전체 학생 목표 통일 업데이트,2026-05-01 13:16:46,,
337,13,92,80.0,도전,전체 학생 목표 통일 업데이트,2026-05-01 13:16:46,,
338,13,1022,73.0,적정,전체 학생 목표 통일 업데이트,2026-05-01 13:16:46,,
339,13,1023,66.0,안정,전체 학생 목표 통일 업데이트,2026-05-01 13:16:46,,
340,14,92,80.0,도전,전체 학생 목표 통일 업데이트,2026-05-01 13:16:46,,
341,14,1022,73.0,적정,전체 학생 목표 통일 업데이트,2026-05-01 13:16:46,,
342,14,1023,66.0,안정,전체 학생 목표 통일 업데이트,2026-05-01 13:16:46,,
343,15,92,80.0,도전,전체 학생 목표 통일 업데이트,2026-05-01 13:16:46,,
344,15,1022,73.0,적정,전체 학생 목표 통일 업데이트,2026-05-01 13:16:46,,
345,15,1023,66.0,안정,전체 학생 목표 통일 업데이트,2026-05-01 13:16:46,,
346,16,92,80.0,도전,전체 학생 목표 통일 업데이트,2026-05-01 13:16:46,,
347,16,1022,73.0,적정,전체 학생 목표 통일 업데이트,2026-05-01 13:16:46,,
348,16,1023,66.0,안정,전체 학생 목표 통일 업데이트,2026-05-01 13:16:46,,
349,17,92,80.0,도전,전체 학생 목표 통일 업데이트,2026-05-01 13:16:46,,
350,17,1022,73.0,적정,전체 학생 목표 통일 업데이트,2026-05-01 13:16:46,,
351,17,1023,66.0,안정,전체 학생 목표 통일 업데이트,2026-05-01 13:16:46,,
352,18,92,80.0,도전,전체 학생 목표 통일 업데이트,2026-05-01 13:16:46,,
353,18,1022,73.0,적정,전체 학생 목표 통일 업데이트,2026-05-01 13:16:46,,
354,18,1023,66.0,안정,전체 학생 목표 통일 업데이트,2026-05-01 13:16:46,,
355,19,92,80.0,도전,전체 학생 목표 통일 업데이트,2026-05-01 13:16:46,,
356,19,1022,73.0,적정,전체 학생 목표 통일 업데이트,2026-05-01 13:16:46,,
357,19,1023,66.0,안정,전체 학생 목표 통일 업데이트,2026-05-01 13:16:46,,
358,20,92,80.0,도전,전체 학생 목표 통일 업데이트,2026-05-01 13:16:46,,
359,20,1022,73.0,적정,전체 학생 목표 통일 업데이트,2026-05-01 13:16:46,,
360,20,1023,66.0,안정,전체 학생 목표 통일 업데이트,2026-05-01 13:16:46,,
361,21,92,80.0,도전,전체 학생 목표 통일 업데이트,2026-05-01 13:16:46,,
362,21,1022,73.0,적정,전체 학생 목표 통일 업데이트,2026-05-01 13:16:46,,
363,21,1023,66.0,안정,전체 학생 목표 통일 업데이트,2026-05-01 13:16:46,,
364,22,92,80.0,도전,전체 학생 목표 통일 업데이트,2026-05-01 13:16:46,,
365,22,1022,73.0,적정,전체 학생 목표 통일 업데이트,2026-05-01 13:16:46,,
366,22,1023,66.0,안정,전체 학생 목표 통일 업데이트,2026-05-01 13:16:46,,
367,23,92,80.0,도전,전체 학생 목표 통일 업데이트,2026-05-01 13:16:46,,
368,23,1022,73.0,적정,전체 학생 목표 통일 업데이트,2026-05-01 13:16:46,,
369,23,1023,66.0,안정,전체 학생 목표 통일 업데이트,2026-05-01 13:16:46,,
370,24,92,80.0,도전,전체 학생 목표 통일 업데이트,2026-05-01 13:16:46,,
371,24,1022,73.0,적정,전체 학생 목표 통일 업데이트,2026-05-01 13:16:46,,
372,24,1023,66.0,안정,전체 학생 목표 통일 업데이트,2026-05-01 13:16:46,,
373,25,92,80.0,도전,전체 학생 목표 통일 업데이트,2026-05-01 13:16:46,,
374,25,1022,73.0,적정,전체 학생 목표 통일 업데이트,2026-05-01 13:16:46,,
375,25,1023,66.0,안정,전체 학생 목표 통일 업데이트,2026-05-01 13:16:46,,
376,26,92,80.0,도전,전체 학생 목표 통일 업데이트,2026-05-01 13:16:46,,
377,26,1022,73.0,적정,전체 학생 목표 통일 업데이트,2026-05-01 13:16:46,,
378,26,1023,66.0,안정,전체 학생 목표 통일 업데이트,2026-05-01 13:16:46,,
379,27,92,80.0,도전,전체 학생 목표 통일 업데이트,2026-05-01 13:16:46,,
380,27,1022,73.0,적정,전체 학생 목표 통일 업데이트,2026-05-01 13:16:46,,
381,27,1023,66.0,안정,전체 학생 목표 통일 업데이트,2026-05-01 13:16:46,,
382,28,92,80.0,도전,전체 학생 목표 통일 업데이트,2026-05-01 13:16:46,,
383,28,1022,73.0,적정,전체 학생 목표 통일 업데이트,2026-05-01 13:16:46,,
384,28,1023,66.0,안정,전체 학생 목표 통일 업데이트,2026-05-01 13:16:46,,
385,29,92,80.0,도전,전체 학생 목표 통일 업데이트,2026-05-01 13:16:46,,
386,29,1022,73.0,적정,전체 학생 목표 통일 업데이트,2026-05-01 13:16:46,,
387,29,1023,66.0,안정,전체 학생 목표 통일 업데이트,2026-05-01 13:16:46,,
388,30,92,80.0,도전,전체 학생 목표 통일 업데이트,2026-05-01 13:16:46,,
389,30,1022,73.0,적정,전체 학생 목표 통일 업데이트,2026-05-01 13:16:46,,
390,30,1023,66.0,안정,전체 학생 목표 통일 업데이트,2026-05-01 13:16:46,,
391,31,92,80.0,도전,전체 학생 목표 통일 업데이트,2026-05-01 13:16:46,,
392,31,1022,73.0,적정,전체 학생 목표 통일 업데이트,2026-05-01 13:16:46,,
393,31,1023,66.0,안정,전체 학생 목표 통일 업데이트,2026-05-01 13:16:46,,
394,32,92,80.0,도전,전체 학생 목표 통일 업데이트,2026-05-01 13:16:46,,
395,32,1022,73.0,적정,전체 학생 목표 통일 업데이트,2026-05-01 13:16:46,,
396,32,1023,66.0,안정,전체 학생 목표 통일 업데이트,2026-05-01 13:16:46,,
397,33,92,80.0,도전,전체 학생 목표 통일 업데이트,2026-05-01 13:16:46,,
398,33,1022,73.0,적정,전체 학생 목표 통일 업데이트,2026-05-01 13:16:46,,
399,33,1023,66.0,안정,전체 학생 목표 통일 업데이트,2026-05-01 13:16:46,,
400,34,92,80.0,도전,전체 학생 목표 통일 업데이트,2026-05-01 13:16:46,,
401,34,1022,73.0,적정,전체 학생 목표 통일 업데이트,2026-05-01 13:16:46,,
402,34,1023,66.0,안정,전체 학생 목표 통일 업데이트,2026-05-01 13:16:46,,
403,35,92,80.0,도전,전체 학생 목표 통일 업데이트,2026-05-01 13:16:46,,
404,35,1022,73.0,적정,전체 학생 목표 통일 업데이트,2026-05-01 13:16:46,,
405,35,1023,66.0,안정,전체 학생 목표 통일 업데이트,2026-05-01 13:16:46,,
406,36,92,80.0,도전,전체 학생 목표 통일 업데이트,2026-05-01 13:16:46,,
407,36,1022,73.0,적정,전체 학생 목표 통일 업데이트,2026-05-01 13:16:46,,
408,36,1023,66.0,안정,전체 학생 목표 통일 업데이트,2026-05-01 13:16:46,,
409,37,92,80.0,도전,전체 학생 목표 통일 업데이트,2026-05-01 13:16:46,,
410,37,1022,73.0,적정,전체 학생 목표 통일 업데이트,2026-05-01 13:16:46,,
411,37,1023,66.0,안정,전체 학생 목표 통일 업데이트,2026-05-01 13:16:46,,
412,38,92,80.0,도전,전체 학생 목표 통일 업데이트,2026-05-01 13:16:46,,
413,38,1022,73.0,적정,전체 학생 목표 통일 업데이트,2026-05-01 13:16:46,,
414,38,1023,66.0,안정,전체 학생 목표 통일 업데이트,2026-05-01 13:16:46,,
415,39,92,80.0,도전,전체 학생 목표 통일 업데이트,2026-05-01 13:16:46,,
416,39,1022,73.0,적정,전체 학생 목표 통일 업데이트,2026-05-01 13:16:46,,
417,39,1023,66.0,안정,전체 학생 목표 통일 업데이트,2026-05-01 13:16:46,,
418,40,92,80.0,도전,전체 학생 목표 통일 업데이트,2026-05-01 13:16:46,,
419,40,1022,73.0,적정,전체 학생 목표 통일 업데이트,2026-05-01 13:16:46,,
420,40,1023,66.0,안정,전체 학생 목표 통일 업데이트,2026-05-01 13:16:46,,
421,41,92,80.0,도전,전체 학생 목표 통일 업데이트,2026-05-01 13:16:46,,
422,41,1022,73.0,적정,전체 학생 목표 통일 업데이트,2026-05-01 13:16:46,,
423,41,1023,66.0,안정,전체 학생 목표 통일 업데이트,2026-05-01 13:16:46,,
424,42,92,80.0,도전,전체 학생 목표 통일 업데이트,2026-05-01 13:16:46,,
425,42,1022,73.0,적정,전체 학생 목표 통일 업데이트,2026-05-01 13:16:46,,
426,42,1023,66.0,안정,전체 학생 목표 통일 업데이트,2026-05-01 13:16:46,,
427,43,92,80.0,도전,전체 학생 목표 통일 업데이트,2026-05-01 13:16:46,,
428,43,1022,73.0,적정,전체 학생 목표 통일 업데이트,2026-05-01 13:16:46,,
429,43,1023,66.0,안정,전체 학생 목표 통일 업데이트,2026-05-01 13:16:46,,
430,44,92,80.0,도전,전체 학생 목표 통일 업데이트,2026-05-01 13:16:46,,
431,44,1022,73.0,적정,전체 학생 목표 통일 업데이트,2026-05-01 13:16:46,,
432,44,1023,66.0,안정,전체 학생 목표 통일 업데이트,2026-05-01 13:16:46,,
433,45,92,80.0,도전,전체 학생 목표 통일 업데이트,2026-05-01 13:16:46,,
434,45,1022,73.0,적정,전체 학생 목표 통일 업데이트,2026-05-01 13:16:46,,
435,45,1023,66.0,안정,전체 학생 목표 통일 업데이트,2026-05-01 13:16:46,,
436,46,92,80.0,도전,전체 학생 목표 통일 업데이트,2026-05-01 13:16:46,,
437,46,1022,73.0,적정,전체 학생 목표 통일 업데이트,2026-05-01 13:16:46,,
438,46,1023,66.0,안정,전체 학생 목표 통일 업데이트,2026-05-01 13:16:46,,
439,47,92,80.0,도전,전체 학생 목표 통일 업데이트,2026-05-01 13:16:46,,
440,47,1022,73.0,적정,전체 학생 목표 통일 업데이트,2026-05-01 13:16:46,,
441,47,1023,66.0,안정,전체 학생 목표 통일 업데이트,2026-05-01 13:16:46,,
442,48,92,80.0,도전,전체 학생 목표 통일 업데이트,2026-05-01 13:16:46,,
443,48,1022,73.0,적정,전체 학생 목표 통일 업데이트,2026-05-01 13:16:46,,
444,48,1023,66.0,안정,전체 학생 목표 통일 업데이트,2026-05-01 13:16:46,,
445,49,92,80.0,도전,전체 학생 목표 통일 업데이트,2026-05-01 13:16:46,,
446,49,1022,73.0,적정,전체 학생 목표 통일 업데이트,2026-05-01 13:16:46,,
447,49,1023,66.0,안정,전체 학생 목표 통일 업데이트,2026-05-01 13:16:46,,
448,50,92,80.0,도전,전체 학생 목표 통일 업데이트,2026-05-01 13:16:46,,
449,50,1022,73.0,적정,전체 학생 목표 통일 업데이트,2026-05-01 13:16:46,,
450,50,1023,66.0,안정,전체 학생 목표 통일 업데이트,2026-05-01 13:16:46,,
451,51,92,80.0,도전,전체 학생 목표 통일 업데이트,2026-05-01 13:16:46,,
452,51,1022,73.0,적정,전체 학생 목표 통일 업데이트,2026-05-01 13:16:46,,
453,51,1023,66.0,안정,전체 학생 목표 통일 업데이트,2026-05-01 13:16:46,,
454,52,92,80.0,도전,전체 학생 목표 통일 업데이트,2026-05-01 13:16:46,,
455,52,1022,73.0,적정,전체 학생 목표 통일 업데이트,2026-05-01 13:16:46,,
456,52,1023,66.0,안정,전체 학생 목표 통일 업데이트,2026-05-01 13:16:46,,
457,53,92,80.0,도전,전체 학생 목표 통일 업데이트,2026-05-01 13:16:46,,
458,53,1022,73.0,적정,전체 학생 목표 통일 업데이트,2026-05-01 13:16:46,,
459,53,1023,66.0,안정,전체 학생 목표 통일 업데이트,2026-05-01 13:16:46,,
460,54,92,80.0,도전,전체 학생 목표 통일 업데이트,2026-05-01 13:16:46,,
461,54,1022,73.0,적정,전체 학생 목표 통일 업데이트,2026-05-01 13:16:46,,
462,54,1023,66.0,안정,전체 학생 목표 통일 업데이트,2026-05-01 13:16:46,,
463,55,92,80.0,도전,전체 학생 목표 통일 업데이트,2026-05-01 13:16:46,,
464,55,1022,73.0,적정,전체 학생 목표 통일 업데이트,2026-05-01 13:16:46,,
465,55,1023,66.0,안정,전체 학생 목표 통일 업데이트,2026-05-01 13:16:46,,
466,56,92,80.0,도전,전체 학생 목표 통일 업데이트,2026-05-01 13:16:46,,
467,56,1022,73.0,적정,전체 학생 목표 통일 업데이트,2026-05-01 13:16:46,,
468,56,1023,66.0,안정,전체 학생 목표 통일 업데이트,2026-05-01 13:16:46,,
469,57,92,80.0,도전,전체 학생 목표 통일 업데이트,2026-05-01 13:16:46,,
470,57,1022,73.0,적정,전체 학생 목표 통일 업데이트,2026-05-01 13:16:46,,
471,57,1023,66.0,안정,전체 학생 목표 통일 업데이트,2026-05-01 13:16:46,,
472,58,92,80.0,도전,전체 학생 목표 통일 업데이트,2026-05-01 13:16:46,,
473,58,1022,73.0,적정,전체 학생 목표 통일 업데이트,2026-05-01 13:16:46,,
474,58,1023,66.0,안정,전체 학생 목표 통일 업데이트,2026-05-01 13:16:46,,
475,59,92,80.0,도전,전체 학생 목표 통일 업데이트,2026-05-01 13:16:46,,
476,59,1022,73.0,적정,전체 학생 목표 통일 업데이트,2026-05-01 13:16:46,,
477,59,1023,66.0,안정,전체 학생 목표 통일 업데이트,2026-05-01 13:16:46,,
478,60,92,80.0,도전,전체 학생 목표 통일 업데이트,2026-05-01 13:16:46,,
479,60,1022,73.0,적정,전체 학생 목표 통일 업데이트,2026-05-01 13:16:46,,
480,60,1023,66.0,안정,전체 학생 목표 통일 업데이트,2026-05-01 13:16:46,,
481,61,92,80.0,도전,전체 학생 목표 통일 업데이트,2026-05-01 13:16:46,,
482,61,1022,73.0,적정,전체 학생 목표 통일 업데이트,2026-05-01 13:16:46,,
483,61,1023,66.0,안정,전체 학생 목표 통일 업데이트,2026-05-01 13:16:46,,
484,62,92,80.0,도전,전체 학생 목표 통일 업데이트,2026-05-01 13:16:46,,
485,62,1022,73.0,적정,전체 학생 목표 통일 업데이트,2026-05-01 13:16:46,,
486,62,1023,66.0,안정,전체 학생 목표 통일 업데이트,2026-05-01 13:16:46,,
487,63,92,80.0,도전,전체 학생 목표 통일 업데이트,2026-05-01 13:16:46,,
488,63,1022,73.0,적정,전체 학생 목표 통일 업데이트,2026-05-01 13:16:46,,
489,63,1023,66.0,안정,전체 학생 목표 통일 업데이트,2026-05-01 13:16:46,,
490,64,92,80.0,도전,전체 학생 목표 통일 업데이트,2026-05-01 13:16:46,,
491,64,1022,73.0,적정,전체 학생 목표 통일 업데이트,2026-05-01 13:16:46,,
492,64,1023,66.0,안정,전체 학생 목표 통일 업데이트,2026-05-01 13:16:46,,
493,65,92,80.0,도전,전체 학생 목표 통일 업데이트,2026-05-01 13:16:46,,
494,65,1022,73.0,적정,전체 학생 목표 통일 업데이트,2026-05-01 13:16:46,,
495,65,1023,66.0,안정,전체 학생 목표 통일 업데이트,2026-05-01 13:16:46,,
496,66,92,80.0,도전,전체 학생 목표 통일 업데이트,2026-05-01 13:16:46,,
497,66,1022,73.0,적정,전체 학생 목표 통일 업데이트,2026-05-01 13:16:46,,
498,66,1023,66.0,안정,전체 학생 목표 통일 업데이트,2026-05-01 13:16:46,,
499,67,92,80.0,도전,전체 학생 목표 통일 업데이트,2026-05-01 13:16:46,,
500,67,1022,73.0,적정,전체 학생 목표 통일 업데이트,2026-05-01 13:16:46,,
501,67,1023,66.0,안정,전체 학생 목표 통일 업데이트,2026-05-01 13:16:46,,
502,68,92,80.0,도전,전체 학생 목표 통일 업데이트,2026-05-01 13:16:46,,
503,68,1022,73.0,적정,전체 학생 목표 통일 업데이트,2026-05-01 13:16:46,,
504,68,1023,66.0,안정,전체 학생 목표 통일 업데이트,2026-05-01 13:16:46,,
505,69,92,80.0,도전,전체 학생 목표 통일 업데이트,2026-05-01 13:16:46,,
506,69,1022,73.0,적정,전체 학생 목표 통일 업데이트,2026-05-01 13:16:46,,
507,69,1023,66.0,안정,전체 학생 목표 통일 업데이트,2026-05-01 13:16:46,,
508,70,92,80.0,도전,전체 학생 목표 통일 업데이트,2026-05-01 13:16:46,,
509,70,1022,73.0,적정,전체 학생 목표 통일 업데이트,2026-05-01 13:16:46,,
510,70,1023,66.0,안정,전체 학생 목표 통일 업데이트,2026-05-01 13:16:46,,
511,71,92,80.0,도전,전체 학생 목표 통일 업데이트,2026-05-01 13:16:46,,
512,71,1022,73.0,적정,전체 학생 목표 통일 업데이트,2026-05-01 13:16:46,,
513,71,1023,66.0,안정,전체 학생 목표 통일 업데이트,2026-05-01 13:16:46,,
514,72,92,80.0,도전,전체 학생 목표 통일 업데이트,2026-05-01 13:16:46,,
515,72,1022,73.0,적정,전체 학생 목표 통일 업데이트,2026-05-01 13:16:46,,
516,72,1023,66.0,안정,전체 학생 목표 통일 업데이트,2026-05-01 13:16:46,,
517,73,92,80.0,도전,전체 학생 목표 통일 업데이트,2026-05-01 13:16:46,,
518,73,1022,73.0,적정,전체 학생 목표 통일 업데이트,2026-05-01 13:16:46,,
519,73,1023,66.0,안정,전체 학생 목표 통일 업데이트,2026-05-01 13:16:46,,
520,74,92,80.0,도전,전체 학생 목표 통일 업데이트,2026-05-01 13:16:46,,
521,74,1022,73.0,적정,전체 학생 목표 통일 업데이트,2026-05-01 13:16:46,,
522,74,1023,66.0,안정,전체 학생 목표 통일 업데이트,2026-05-01 13:16:46,,
523,75,92,80.0,도전,전체 학생 목표 통일 업데이트,2026-05-01 13:16:46,,
524,75,1022,73.0,적정,전체 학생 목표 통일 업데이트,2026-05-01 13:16:46,,
525,75,1023,66.0,안정,전체 학생 목표 통일 업데이트,2026-05-01 13:16:46,,
526,76,92,80.0,도전,전체 학생 목표 통일 업데이트,2026-05-01 13:16:46,,
527,76,1022,73.0,적정,전체 학생 목표 통일 업데이트,2026-05-01 13:16:46,,
528,76,1023,66.0,안정,전체 학생 목표 통일 업데이트,2026-05-01 13:16:46,,
529,77,92,80.0,도전,전체 학생 목표 통일 업데이트,2026-05-01 13:16:46,,
530,77,1022,73.0,적정,전체 학생 목표 통일 업데이트,2026-05-01 13:16:46,,
531,77,1023,66.0,안정,전체 학생 목표 통일 업데이트,2026-05-01 13:16:46,,
532,78,92,80.0,도전,전체 학생 목표 통일 업데이트,2026-05-01 13:16:46,,
533,78,1022,73.0,적정,전체 학생 목표 통일 업데이트,2026-05-01 13:16:46,,
534,78,1023,66.0,안정,전체 학생 목표 통일 업데이트,2026-05-01 13:16:46,,
535,79,92,80.0,도전,전체 학생 목표 통일 업데이트,2026-05-01 13:16:46,,
536,79,1022,73.0,적정,전체 학생 목표 통일 업데이트,2026-05-01 13:16:46,,
537,79,1023,66.0,안정,전체 학생 목표 통일 업데이트,2026-05-01 13:16:46,,
538,80,92,80.0,도전,전체 학생 목표 통일 업데이트,2026-05-01 13:16:46,,
539,80,1022,73.0,적정,전체 학생 목표 통일 업데이트,2026-05-01 13:16:46,,
540,80,1023,66.0,안정,전체 학생 목표 통일 업데이트,2026-05-01 13:16:46,,
541,81,92,80.0,도전,전체 학생 목표 통일 업데이트,2026-05-01 13:16:46,,
542,81,1022,73.0,적정,전체 학생 목표 통일 업데이트,2026-05-01 13:16:46,,
543,81,1023,66.0,안정,전체 학생 목표 통일 업데이트,2026-05-01 13:16:46,,
544,82,92,80.0,도전,전체 학생 목표 통일 업데이트,2026-05-01 13:16:46,,
545,82,1022,73.0,적정,전체 학생 목표 통일 업데이트,2026-05-01 13:16:46,,
546,82,1023,66.0,안정,전체 학생 목표 통일 업데이트,2026-05-01 13:16:46,,
547,83,92,80.0,도전,전체 학생 목표 통일 업데이트,2026-05-01 13:16:46,,
548,83,1022,73.0,적정,전체 학생 목표 통일 업데이트,2026-05-01 13:16:46,,
549,83,1023,66.0,안정,전체 학생 목표 통일 업데이트,2026-05-01 13:16:46,,
550,84,92,80.0,도전,전체 학생 목표 통일 업데이트,2026-05-01 13:16:46,,
551,84,1022,73.0,적정,전체 학생 목표 통일 업데이트,2026-05-01 13:16:46,,
552,84,1023,66.0,안정,전체 학생 목표 통일 업데이트,2026-05-01 13:16:46,,
553,85,92,80.0,도전,전체 학생 목표 통일 업데이트,2026-05-01 13:16:46,,
554,85,1022,73.0,적정,전체 학생 목표 통일 업데이트,2026-05-01 13:16:46,,
555,85,1023,66.0,안정,전체 학생 목표 통일 업데이트,2026-05-01 13:16:46,,
556,86,92,80.0,도전,전체 학생 목표 통일 업데이트,2026-05-01 13:16:46,,
557,86,1022,73.0,적정,전체 학생 목표 통일 업데이트,2026-05-01 13:16:46,,
558,86,1023,66.0,안정,전체 학생 목표 통일 업데이트,2026-05-01 13:16:46,,
559,87,92,80.0,도전,전체 학생 목표 통일 업데이트,2026-05-01 13:16:46,,
560,87,1022,73.0,적정,전체 학생 목표 통일 업데이트,2026-05-01 13:16:46,,
561,87,1023,66.0,안정,전체 학생 목표 통일 업데이트,2026-05-01 13:16:46,,
562,88,92,80.0,도전,전체 학생 목표 통일 업데이트,2026-05-01 13:16:46,,
563,88,1022,73.0,적정,전체 학생 목표 통일 업데이트,2026-05-01 13:16:46,,
564,88,1023,66.0,안정,전체 학생 목표 통일 업데이트,2026-05-01 13:16:46,,
565,89,92,80.0,도전,전체 학생 목표 통일 업데이트,2026-05-01 13:16:46,,
566,89,1022,73.0,적정,전체 학생 목표 통일 업데이트,2026-05-01 13:16:46,,
567,89,1023,66.0,안정,전체 학생 목표 통일 업데이트,2026-05-01 13:16:46,,
568,90,92,80.0,도전,전체 학생 목표 통일 업데이트,2026-05-01 13:16:46,,
569,90,1022,73.0,적정,전체 학생 목표 통일 업데이트,2026-05-01 13:16:46,,
570,90,1023,66.0,안정,전체 학생 목표 통일 업데이트,2026-05-01 13:16:46,,
571,91,92,80.0,도전,전체 학생 목표 통일 업데이트,2026-05-01 13:16:46,,
572,91,1022,73.0,적정,전체 학생 목표 통일 업데이트,2026-05-01 13:16:46,,
573,91,1023,66.0,안정,전체 학생 목표 통일 업데이트,2026-05-01 13:16:46,,
574,92,92,80.0,도전,전체 학생 목표 통일 업데이트,2026-05-01 13:16:46,,
575,92,1022,73.0,적정,전체 학생 목표 통일 업데이트,2026-05-01 13:16:46,,
576,92,1023,66.0,안정,전체 학생 목표 통일 업데이트,2026-05-01 13:16:46,,
577,93,92,80.0,도전,전체 학생 목표 통일 업데이트,2026-05-01 13:16:46,,
578,93,1022,73.0,적정,전체 학생 목표 통일 업데이트,2026-05-01 13:16:46,,
579,93,1023,66.0,안정,전체 학생 목표 통일 업데이트,2026-05-01 13:16:46,,
580,94,92,80.0,도전,전체 학생 목표 통일 업데이트,2026-05-01 13:16:46,,
581,94,1022,73.0,적정,전체 학생 목표 통일 업데이트,2026-05-01 13:16:46,,
582,94,1023,66.0,안정,전체 학생 목표 통일 업데이트,2026-05-01 13:16:46,,
583,95,92,80.0,도전,전체 학생 목표 통일 업데이트,2026-05-01 13:16:46,,
584,95,1022,73.0,적정,전체 학생 목표 통일 업데이트,2026-05-01 13:16:46,,
585,95,1023,66.0,안정,전체 학생 목표 통일 업데이트,2026-05-01 13:16:46,,
586,96,92,80.0,도전,전체 학생 목표 통일 업데이트,2026-05-01 13:16:46,,
587,96,1022,73.0,적정,전체 학생 목표 통일 업데이트,2026-05-01 13:16:46,,
588,96,1023,66.0,안정,전체 학생 목표 통일 업데이트,2026-05-01 13:16:46,,
589,97,92,80.0,도전,전체 학생 목표 통일 업데이트,2026-05-01 13:16:46,,
590,97,1022,73.0,적정,전체 학생 목표 통일 업데이트,2026-05-01 13:16:46,,
591,97,1023,66.0,안정,전체 학생 목표 통일 업데이트,2026-05-01 13:16:46,,
592,98,92,80.0,도전,전체 학생 목표 통일 업데이트,2026-05-01 13:16:46,,
593,98,1022,73.0,적정,전체 학생 목표 통일 업데이트,2026-05-01 13:16:46,,
594,98,1023,66.0,안정,전체 학생 목표 통일 업데이트,2026-05-01 13:16:46,,
595,99,92,80.0,도전,전체 학생 목표 통일 업데이트,2026-05-01 13:16:46,,
596,99,1022,73.0,적정,전체 학생 목표 통일 업데이트,2026-05-01 13:16:46,,
597,99,1023,66.0,안정,전체 학생 목표 통일 업데이트,2026-05-01 13:16:46,,
598,100,92,80.0,도전,전체 학생 목표 통일 업데이트,2026-05-01 13:16:46,,
599,100,1022,73.0,적정,전체 학생 목표 통일 업데이트,2026-05-01 13:16:46,,
600,100,1023,66.0,안정,전체 학생 목표 통일 업데이트,2026-05-01 13:16:46,,
601,101,92,80.0,도전,전체 학생 목표 통일 업데이트,2026-05-01 13:16:46,,
602,101,1022,73.0,적정,전체 학생 목표 통일 업데이트,2026-05-01 13:16:46,,
603,101,1023,66.0,안정,전체 학생 목표 통일 업데이트,2026-05-01 13:16:46,,
604,102,92,80.0,도전,전체 학생 목표 통일 업데이트,2026-05-01 13:16:46,,
605,102,1022,73.0,적정,전체 학생 목표 통일 업데이트,2026-05-01 13:16:46,,
606,102,1023,66.0,안정,전체 학생 목표 통일 업데이트,2026-05-01 13:16:46,,
607,103,92,80.0,도전,전체 학생 목표 통일 업데이트,2026-05-01 13:16:46,,
608,103,1022,73.0,적정,전체 학생 목표 통일 업데이트,2026-05-01 13:16:46,,
609,103,1023,66.0,안정,전체 학생 목표 통일 업데이트,2026-05-01 13:16:46,,
