record_id,student_id,record_type,subject_name,content_body,academic_year,semester
1,1,세특,"국어, 수학","국어 세특: 『마케팅 불변의 법칙』을 읽고 포지셔닝 전략을 기업 3곳(삼성·LG·애플)에 적용하여 차별화 요인을 분석하고 보고서 작성. | 수학 세특: 손익분기점 계산에 회귀분석을 도입하여 매출 변화 추세를 정량화, 변수 간 상관관계(r=0.87) 도출.",2026,1
2,1,동아리,,"경영 동아리 – 마케팅 전략 프로젝트 팀장, 월 2회 회의 주도, 최종 발표 최우수",2026,1
3,1,봉사,,"지역 아동센터 봉사 – 주 1회, 연 40시간, 학습 지원 및 멘토링",2026,1
4,1,진로,,"창업 캠프(3박4일) – 스타트업 사업계획서 발표, 우수팀 선정",2026,1
5,1,수상,,창의경영대회 은상 (교내),2026,1
6,1,독서,,"『린 스타트업』 – 스타트업 성장 전략 탐구, 독후감 및 적용 사례 발표",2026,1
7,1,행동특성,,학급 회장으로서 월 2회 회의를 주도하고 학생 의견을 반영한 학급 운영 계획을 수립함.,2026,1
8,2,세특,"사회, 경제",사회 세특: 국내외 기업 5곳의 ESG 탄소중립 전략을 비교분석하고 ESG 점수와 주가 수익률의 상관관계를 스프레드시트로 분석하여 발표. | 경제 세특: 독점적 경쟁 시장의 차별화 전략을 현실 기업 사례에 적용하여 마케팅 전략 효과를 평가.,2026,1
9,2,동아리,,창업 동아리 – 린 스타트업 방법론으로 사업 아이디어 3건 기획·MVP 설계,2026,1
10,2,봉사,,"노인 복지관 봉사 – 식사 보조·말벗 서비스, 연 30시간",2026,1
11,2,진로,,"경영학과 대학 탐방 – 교수 면담, 전공 커리큘럼 조사",2026,1
12,2,수상,,경제 경시대회 장려상 (지역),2026,1
13,2,독서,,『마케팅 불변의 법칙』 – 포지셔닝 전략 현 기업 적용 에세이,2026,1
14,2,행동특성,,데이터를 다루는 능력이 탁월하며 수학적 근거를 바탕으로 논리적인 주장을 펼침.,2026,1
15,3,세특,"사회, 사회문화, 창업",창업 세특: 소비자 행동 설문(N=120)을 직접 설계·수집하고 SPSS 유사 도구로 구매 패턴 분석 후 핵심 변수 3가지를 도출하여 사업 아이디어에 반영. | 사회문화 세특: 조직 내 의사결정 구조를 분석하고 팀 프로젝트에서 역할 분담·일정 관리를 주도하여 우수상 수상.,2026,1
16,3,동아리,,"경제 동아리 – 기업 분석 리포트 월 1회 작성, 연간 5편 발표",2026,1
17,3,봉사,,"청소년 멘토링 봉사 – 경제·진로 멘토링, 연 25시간",2026,1
18,3,진로,,"증권사 현장 직무 체험 – 리서치 부서, 기업 분석 보고서 실습",2026,1
19,3,수상,,교과우수상 수학,2026,1
20,3,독서,,『블루오션 전략』 – 경쟁 없는 시장 창출 전략을 국내 산업에 적용 분석,2026,1
21,3,행동특성,,자신의 진로에 확신을 갖고 교과 시간에 심화 질문을 던지는 탐구욕이 두드러짐.,2026,1
22,4,세특,"수학, 경제",수학 세특: 현금흐름 분석 모델을 설계하여 3개 기업의 투자 수익률을 비교하고 최적 투자안 도출. | 경제 세특: GDP 성장률과 소비자 지출 데이터를 수집하여 시계열 추세 분석 후 향후 2년 예측 모델 제시.,2026,1
23,4,동아리,,"토론 동아리 – 경제·경영 논제 찬반 토론 주도, 최우수 토론자 2회 선정",2026,1
24,4,봉사,,"환경 정화 봉사 – 교내외 캠페인 참여, 연 15시간",2026,1
25,4,진로,,"중소기업 인턴십(2주) – 마케팅팀 실무, SNS 콘텐츠 기획안 제출",2026,1
26,4,수상,,학급 회장 봉사상,2026,1
27,4,독서,,"『재무제표 읽는 법』 – 재무 지표 3가지를 기업 사례에 적용, 투자 적합성 평가",2026,1
28,4,행동특성,,급내 갈등 상황에서 중재자 역할을 수행하며 협력적 분위기를 조성함.,2026,1
29,5,세특,"창업, 경영, 진로","경영 세특: 스타트업 3곳의 비즈니스 모델을 분석하여 수익 구조 차이를 파악하고, 자체 창업 아이디어에 린 스타트업 방법론을 적용한 MVP 기획서 작성. | 진로 활동: SWOT 분석을 통해 사업 기회·위협 요소를 정량화하고 차별화 전략 수립.",2026,1
30,5,동아리,,"데이터분석 동아리 – 엑셀 기반 데이터 수집·시각화, 프로젝트 3건 완료",2026,1
31,5,봉사,,"푸드뱅크 봉사 – 물품 배분 운영, 연 20시간",2026,1
32,5,진로,,"경제 특강 수강 – 4회 연속 참여, 내용 정리 노트 제출 및 질의응답",2026,1
33,5,수상,,창업아이디어 경진대회 동상 (교내),2026,1
34,5,독서,,『경영의 미래』 – 디지털 전환 트렌드 분석 및 국내 기업 적용 방안 탐구,2026,1
35,5,행동특성,,매사에 긍정적이며 타인에 대한 배려가 몸에 배어 있어 교우 관계가 원만함.,2026,1
36,6,세특,"국어, 사회","국어 세특: 기업 IR 자료를 분석하여 재무제표(영업이익률, ROE)의 추세를 3년간 비교하고 투자 적합성 평가 보고서 작성. | 사회 세특: 플랫폼 비즈니스의 네트워크 효과를 분석하고 오프라인 기업의 디지털 전환 로드맵 제안.",2026,1
37,6,동아리,,"경영 동아리 – 마케팅 전략 프로젝트 팀장, 월 2회 회의 주도, 최종 발표 최우수",2026,1
38,6,봉사,,"지역 아동센터 봉사 – 주 1회, 연 40시간, 학습 지원 및 멘토링",2026,1
39,6,진로,,"창업 캠프(3박4일) – 스타트업 사업계획서 발표, 우수팀 선정",2026,1
40,6,수상,,없음,2026,1
41,6,독서,,『설득의 심리학』 – 마케팅 메시지 설계에 심리적 원리를 적용하는 보고서,2026,1
42,6,행동특성,,성실함이 돋보이며 정해진 규칙을 철저히 준수하는 준법정신이 뛰어남.,2026,1
43,7,세특,"수학, 창업","수학 세특: 마케팅 비용과 매출 간 관계를 선형 회귀분석으로 모델링하여 비용 효율이 가장 높은 채널을 특정하고 예산 배분 전략 제안. | 창업 동아리: SWOT·STP·4P 분석을 순서대로 적용한 마케팅 전략 보고서 작성, 교사 평가 최우수.",2026,1
44,7,동아리,,창업 동아리 – 린 스타트업 방법론으로 사업 아이디어 3건 기획·MVP 설계,2026,1
45,7,봉사,,"노인 복지관 봉사 – 식사 보조·말벗 서비스, 연 30시간",2026,1
46,7,진로,,"경영학과 대학 탐방 – 교수 면담, 전공 커리큘럼 조사",2026,1
47,7,수상,,창의경영대회 은상 (교내),2026,1
48,7,독서,,"『빅데이터를 지배하는 통계의 힘』 – 데이터 분석 방법론, 소비자 행동 분석 적용",2026,1
49,7,행동특성,,끊임없이 새로운 아이디어를 제시하고 실현 가능성을 분석하는 창의적 사고력이 우수함.,2026,1
50,8,세특,"사회, 경제, 통합사회",통합사회 세특: CSR 활동이 브랜드 가치에 미치는 영향을 10개 기업 사례로 분석하고 SNS 마케팅 효과와의 연계성을 데이터로 검증. | 경제 세특: 소비자 행동 이론 기반 가격 탄력성 계산 후 3개 제품군의 최적 가격 전략 도출.,2026,1
51,8,동아리,,"경제 동아리 – 기업 분석 리포트 월 1회 작성, 연간 5편 발표",2026,1
52,8,봉사,,"청소년 멘토링 봉사 – 경제·진로 멘토링, 연 25시간",2026,1
53,8,진로,,"증권사 현장 직무 체험 – 리서치 부서, 기업 분석 보고서 실습",2026,1
54,8,수상,,경제 경시대회 장려상 (지역),2026,1
55,8,독서,,"『린 스타트업』 – 스타트업 성장 전략 탐구, 독후감 및 적용 사례 발표",2026,1
56,8,행동특성,,학급 회장으로서 월 2회 회의를 주도하고 학생 의견을 반영한 학급 운영 계획을 수립함.,2026,1
57,9,세특,"국어, 수학",국어 세특: 『블루오션 전략』을 읽고 국내 10개 산업의 경쟁 강도를 분석하여 블루오션 기회를 발굴하고 진입 전략 수립. | 수학 세특: 포트폴리오 분산 투자 모델을 설계하여 리스크 대비 수익률을 최적화하는 비중 배분 계산.,2026,1
58,9,동아리,,"토론 동아리 – 경제·경영 논제 찬반 토론 주도, 최우수 토론자 2회 선정",2026,1
59,9,봉사,,"환경 정화 봉사 – 교내외 캠페인 참여, 연 15시간",2026,1
60,9,진로,,"중소기업 인턴십(2주) – 마케팅팀 실무, SNS 콘텐츠 기획안 제출",2026,1
61,9,수상,,교과우수상 수학,2026,1
62,9,독서,,『마케팅 불변의 법칙』 – 포지셔닝 전략 현 기업 적용 에세이,2026,1
63,9,행동특성,,데이터를 다루는 능력이 탁월하며 수학적 근거를 바탕으로 논리적인 주장을 펼침.,2026,1
64,10,세특,"경제, 창업","경제 세특: 한국 주요 수출품목의 가격 경쟁력 변화를 분석하고 환율 변동이 기업 수익에 미치는 영향을 수치로 제시. | 창업 동아리: 글로벌 플랫폼 기업의 수익 모델을 비교분석하여 국내 시장 적용 가능성 평가, 데이터 기반 시장 진입 전략 발표.",2026,1
65,10,동아리,,"데이터분석 동아리 – 엑셀 기반 데이터 수집·시각화, 프로젝트 3건 완료",2026,1
66,10,봉사,,"푸드뱅크 봉사 – 물품 배분 운영, 연 20시간",2026,1
67,10,진로,,"경제 특강 수강 – 4회 연속 참여, 내용 정리 노트 제출 및 질의응답",2026,1
68,10,수상,,학급 회장 봉사상,2026,1
69,10,독서,,『블루오션 전략』 – 경쟁 없는 시장 창출 전략을 국내 산업에 적용 분석,2026,1
70,10,행동특성,,자신의 진로에 확신을 갖고 교과 시간에 심화 질문을 던지는 탐구욕이 두드러짐.,2026,1
71,11,세특,"국어, 수학","국어 세특: 『마케팅 불변의 법칙』을 읽고 포지셔닝 전략을 기업 3곳(삼성·LG·애플)에 적용하여 차별화 요인을 분석하고 보고서 작성. | 수학 세특: 손익분기점 계산에 회귀분석을 도입하여 매출 변화 추세를 정량화, 변수 간 상관관계(r=0.87) 도출.",2026,1
72,11,동아리,,"경영 동아리 – 마케팅 전략 프로젝트 팀장, 월 2회 회의 주도, 최종 발표 최우수",2026,1
73,11,봉사,,"지역 아동센터 봉사 – 주 1회, 연 40시간, 학습 지원 및 멘토링",2026,1
74,11,진로,,"창업 캠프(3박4일) – 스타트업 사업계획서 발표, 우수팀 선정",2026,1
75,11,수상,,창업아이디어 경진대회 동상 (교내),2026,1
76,11,독서,,"『재무제표 읽는 법』 – 재무 지표 3가지를 기업 사례에 적용, 투자 적합성 평가",2026,1
77,11,행동특성,,급내 갈등 상황에서 중재자 역할을 수행하며 협력적 분위기를 조성함.,2026,1
78,12,세특,"사회, 경제",사회 세특: 국내외 기업 5곳의 ESG 탄소중립 전략을 비교분석하고 ESG 점수와 주가 수익률의 상관관계를 스프레드시트로 분석하여 발표. | 경제 세특: 독점적 경쟁 시장의 차별화 전략을 현실 기업 사례에 적용하여 마케팅 전략 효과를 평가.,2026,1
79,12,동아리,,창업 동아리 – 린 스타트업 방법론으로 사업 아이디어 3건 기획·MVP 설계,2026,1
80,12,봉사,,"노인 복지관 봉사 – 식사 보조·말벗 서비스, 연 30시간",2026,1
81,12,진로,,"경영학과 대학 탐방 – 교수 면담, 전공 커리큘럼 조사",2026,1
82,12,수상,,없음,2026,1
83,12,독서,,『경영의 미래』 – 디지털 전환 트렌드 분석 및 국내 기업 적용 방안 탐구,2026,1
84,12,행동특성,,매사에 긍정적이며 타인에 대한 배려가 몸에 배어 있어 교우 관계가 원만함.,2026,1
85,13,세특,"사회, 사회문화, 창업",창업 세특: 소비자 행동 설문(N=120)을 직접 설계·수집하고 SPSS 유사 도구로 구매 패턴 분석 후 핵심 변수 3가지를 도출하여 사업 아이디어에 반영. | 사회문화 세특: 조직 내 의사결정 구조를 분석하고 팀 프로젝트에서 역할 분담·일정 관리를 주도하여 우수상 수상.,2026,1
86,13,동아리,,"경제 동아리 – 기업 분석 리포트 월 1회 작성, 연간 5편 발표",2026,1
87,13,봉사,,"청소년 멘토링 봉사 – 경제·진로 멘토링, 연 25시간",2026,1
88,13,진로,,"증권사 현장 직무 체험 – 리서치 부서, 기업 분석 보고서 실습",2026,1
89,13,수상,,창의경영대회 은상 (교내),2026,1
90,13,독서,,『설득의 심리학』 – 마케팅 메시지 설계에 심리적 원리를 적용하는 보고서,2026,1
91,13,행동특성,,성실함이 돋보이며 정해진 규칙을 철저히 준수하는 준법정신이 뛰어남.,2026,1
92,14,세특,"수학, 경제",수학 세특: 현금흐름 분석 모델을 설계하여 3개 기업의 투자 수익률을 비교하고 최적 투자안 도출. | 경제 세특: GDP 성장률과 소비자 지출 데이터를 수집하여 시계열 추세 분석 후 향후 2년 예측 모델 제시.,2026,1
93,14,동아리,,"토론 동아리 – 경제·경영 논제 찬반 토론 주도, 최우수 토론자 2회 선정",2026,1
94,14,봉사,,"환경 정화 봉사 – 교내외 캠페인 참여, 연 15시간",2026,1
95,14,진로,,"중소기업 인턴십(2주) – 마케팅팀 실무, SNS 콘텐츠 기획안 제출",2026,1
96,14,수상,,경제 경시대회 장려상 (지역),2026,1
97,14,독서,,"『빅데이터를 지배하는 통계의 힘』 – 데이터 분석 방법론, 소비자 행동 분석 적용",2026,1
98,14,행동특성,,끊임없이 새로운 아이디어를 제시하고 실현 가능성을 분석하는 창의적 사고력이 우수함.,2026,1
99,15,세특,"창업, 경영, 진로","경영 세특: 스타트업 3곳의 비즈니스 모델을 분석하여 수익 구조 차이를 파악하고, 자체 창업 아이디어에 린 스타트업 방법론을 적용한 MVP 기획서 작성. | 진로 활동: SWOT 분석을 통해 사업 기회·위협 요소를 정량화하고 차별화 전략 수립.",2026,1
100,15,동아리,,"데이터분석 동아리 – 엑셀 기반 데이터 수집·시각화, 프로젝트 3건 완료",2026,1
101,15,봉사,,"푸드뱅크 봉사 – 물품 배분 운영, 연 20시간",2026,1
102,15,진로,,"경제 특강 수강 – 4회 연속 참여, 내용 정리 노트 제출 및 질의응답",2026,1
103,15,수상,,교과우수상 수학,2026,1
104,15,독서,,"『린 스타트업』 – 스타트업 성장 전략 탐구, 독후감 및 적용 사례 발표",2026,1
105,15,행동특성,,학급 회장으로서 월 2회 회의를 주도하고 학생 의견을 반영한 학급 운영 계획을 수립함.,2026,1
106,16,세특,"국어, 사회","국어 세특: 기업 IR 자료를 분석하여 재무제표(영업이익률, ROE)의 추세를 3년간 비교하고 투자 적합성 평가 보고서 작성. | 사회 세특: 플랫폼 비즈니스의 네트워크 효과를 분석하고 오프라인 기업의 디지털 전환 로드맵 제안.",2026,1
107,16,동아리,,"경영 동아리 – 마케팅 전략 프로젝트 팀장, 월 2회 회의 주도, 최종 발표 최우수",2026,1
108,16,봉사,,"지역 아동센터 봉사 – 주 1회, 연 40시간, 학습 지원 및 멘토링",2026,1
109,16,진로,,"창업 캠프(3박4일) – 스타트업 사업계획서 발표, 우수팀 선정",2026,1
110,16,수상,,학급 회장 봉사상,2026,1
111,16,독서,,『마케팅 불변의 법칙』 – 포지셔닝 전략 현 기업 적용 에세이,2026,1
112,16,행동특성,,데이터를 다루는 능력이 탁월하며 수학적 근거를 바탕으로 논리적인 주장을 펼침.,2026,1
113,17,세특,"수학, 창업","수학 세특: 마케팅 비용과 매출 간 관계를 선형 회귀분석으로 모델링하여 비용 효율이 가장 높은 채널을 특정하고 예산 배분 전략 제안. | 창업 동아리: SWOT·STP·4P 분석을 순서대로 적용한 마케팅 전략 보고서 작성, 교사 평가 최우수.",2026,1
114,17,동아리,,창업 동아리 – 린 스타트업 방법론으로 사업 아이디어 3건 기획·MVP 설계,2026,1
115,17,봉사,,"노인 복지관 봉사 – 식사 보조·말벗 서비스, 연 30시간",2026,1
116,17,진로,,"경영학과 대학 탐방 – 교수 면담, 전공 커리큘럼 조사",2026,1
117,17,수상,,창업아이디어 경진대회 동상 (교내),2026,1
118,17,독서,,『블루오션 전략』 – 경쟁 없는 시장 창출 전략을 국내 산업에 적용 분석,2026,1
119,17,행동특성,,자신의 진로에 확신을 갖고 교과 시간에 심화 질문을 던지는 탐구욕이 두드러짐.,2026,1
120,18,세특,"사회, 경제, 통합사회",통합사회 세특: CSR 활동이 브랜드 가치에 미치는 영향을 10개 기업 사례로 분석하고 SNS 마케팅 효과와의 연계성을 데이터로 검증. | 경제 세특: 소비자 행동 이론 기반 가격 탄력성 계산 후 3개 제품군의 최적 가격 전략 도출.,2026,1
121,18,동아리,,"경제 동아리 – 기업 분석 리포트 월 1회 작성, 연간 5편 발표",2026,1
122,18,봉사,,"청소년 멘토링 봉사 – 경제·진로 멘토링, 연 25시간",2026,1
123,18,진로,,"증권사 현장 직무 체험 – 리서치 부서, 기업 분석 보고서 실습",2026,1
124,18,수상,,없음,2026,1
125,18,독서,,"『재무제표 읽는 법』 – 재무 지표 3가지를 기업 사례에 적용, 투자 적합성 평가",2026,1
126,18,행동특성,,급내 갈등 상황에서 중재자 역할을 수행하며 협력적 분위기를 조성함.,2026,1
127,19,세특,"국어, 수학",국어 세특: 『블루오션 전략』을 읽고 국내 10개 산업의 경쟁 강도를 분석하여 블루오션 기회를 발굴하고 진입 전략 수립. | 수학 세특: 포트폴리오 분산 투자 모델을 설계하여 리스크 대비 수익률을 최적화하는 비중 배분 계산.,2026,1
128,19,동아리,,"토론 동아리 – 경제·경영 논제 찬반 토론 주도, 최우수 토론자 2회 선정",2026,1
129,19,봉사,,"환경 정화 봉사 – 교내외 캠페인 참여, 연 15시간",2026,1
130,19,진로,,"중소기업 인턴십(2주) – 마케팅팀 실무, SNS 콘텐츠 기획안 제출",2026,1
131,19,수상,,창의경영대회 은상 (교내),2026,1
132,19,독서,,『경영의 미래』 – 디지털 전환 트렌드 분석 및 국내 기업 적용 방안 탐구,2026,1
133,19,행동특성,,매사에 긍정적이며 타인에 대한 배려가 몸에 배어 있어 교우 관계가 원만함.,2026,1
134,20,세특,"경제, 창업","경제 세특: 한국 주요 수출품목의 가격 경쟁력 변화를 분석하고 환율 변동이 기업 수익에 미치는 영향을 수치로 제시. | 창업 동아리: 글로벌 플랫폼 기업의 수익 모델을 비교분석하여 국내 시장 적용 가능성 평가, 데이터 기반 시장 진입 전략 발표.",2026,1
135,20,동아리,,"데이터분석 동아리 – 엑셀 기반 데이터 수집·시각화, 프로젝트 3건 완료",2026,1
136,20,봉사,,"푸드뱅크 봉사 – 물품 배분 운영, 연 20시간",2026,1
137,20,진로,,"경제 특강 수강 – 4회 연속 참여, 내용 정리 노트 제출 및 질의응답",2026,1
138,20,수상,,경제 경시대회 장려상 (지역),2026,1
139,20,독서,,『설득의 심리학』 – 마케팅 메시지 설계에 심리적 원리를 적용하는 보고서,2026,1
140,20,행동특성,,성실함이 돋보이며 정해진 규칙을 철저히 준수하는 준법정신이 뛰어남.,2026,1
141,21,세특,"국어, 수학","국어 세특: 『마케팅 불변의 법칙』을 읽고 포지셔닝 전략을 기업 3곳(삼성·LG·애플)에 적용하여 차별화 요인을 분석하고 보고서 작성. | 수학 세특: 손익분기점 계산에 회귀분석을 도입하여 매출 변화 추세를 정량화, 변수 간 상관관계(r=0.87) 도출.",2026,1
142,21,동아리,,"경영 동아리 – 마케팅 전략 프로젝트 팀장, 월 2회 회의 주도, 최종 발표 최우수",2026,1
143,21,봉사,,"지역 아동센터 봉사 – 주 1회, 연 40시간, 학습 지원 및 멘토링",2026,1
144,21,진로,,"창업 캠프(3박4일) – 스타트업 사업계획서 발표, 우수팀 선정",2026,1
145,21,수상,,교과우수상 수학,2026,1
146,21,독서,,"『빅데이터를 지배하는 통계의 힘』 – 데이터 분석 방법론, 소비자 행동 분석 적용",2026,1
147,21,행동특성,,끊임없이 새로운 아이디어를 제시하고 실현 가능성을 분석하는 창의적 사고력이 우수함.,2026,1
148,22,세특,"사회, 경제",사회 세특: 국내외 기업 5곳의 ESG 탄소중립 전략을 비교분석하고 ESG 점수와 주가 수익률의 상관관계를 스프레드시트로 분석하여 발표. | 경제 세특: 독점적 경쟁 시장의 차별화 전략을 현실 기업 사례에 적용하여 마케팅 전략 효과를 평가.,2026,1
149,22,동아리,,창업 동아리 – 린 스타트업 방법론으로 사업 아이디어 3건 기획·MVP 설계,2026,1
150,22,봉사,,"노인 복지관 봉사 – 식사 보조·말벗 서비스, 연 30시간",2026,1
151,22,진로,,"경영학과 대학 탐방 – 교수 면담, 전공 커리큘럼 조사",2026,1
152,22,수상,,학급 회장 봉사상,2026,1
153,22,독서,,"『린 스타트업』 – 스타트업 성장 전략 탐구, 독후감 및 적용 사례 발표",2026,1
154,22,행동특성,,학급 회장으로서 월 2회 회의를 주도하고 학생 의견을 반영한 학급 운영 계획을 수립함.,2026,1
155,23,세특,"사회, 사회문화, 창업",창업 세특: 소비자 행동 설문(N=120)을 직접 설계·수집하고 SPSS 유사 도구로 구매 패턴 분석 후 핵심 변수 3가지를 도출하여 사업 아이디어에 반영. | 사회문화 세특: 조직 내 의사결정 구조를 분석하고 팀 프로젝트에서 역할 분담·일정 관리를 주도하여 우수상 수상.,2026,1
156,23,동아리,,"경제 동아리 – 기업 분석 리포트 월 1회 작성, 연간 5편 발표",2026,1
157,23,봉사,,"청소년 멘토링 봉사 – 경제·진로 멘토링, 연 25시간",2026,1
158,23,진로,,"증권사 현장 직무 체험 – 리서치 부서, 기업 분석 보고서 실습",2026,1
159,23,수상,,창업아이디어 경진대회 동상 (교내),2026,1
160,23,독서,,『마케팅 불변의 법칙』 – 포지셔닝 전략 현 기업 적용 에세이,2026,1
161,23,행동특성,,데이터를 다루는 능력이 탁월하며 수학적 근거를 바탕으로 논리적인 주장을 펼침.,2026,1
162,24,세특,"수학, 경제",수학 세특: 현금흐름 분석 모델을 설계하여 3개 기업의 투자 수익률을 비교하고 최적 투자안 도출. | 경제 세특: GDP 성장률과 소비자 지출 데이터를 수집하여 시계열 추세 분석 후 향후 2년 예측 모델 제시.,2026,1
163,24,동아리,,"토론 동아리 – 경제·경영 논제 찬반 토론 주도, 최우수 토론자 2회 선정",2026,1
164,24,봉사,,"환경 정화 봉사 – 교내외 캠페인 참여, 연 15시간",2026,1
165,24,진로,,"중소기업 인턴십(2주) – 마케팅팀 실무, SNS 콘텐츠 기획안 제출",2026,1
166,24,수상,,없음,2026,1
167,24,독서,,『블루오션 전략』 – 경쟁 없는 시장 창출 전략을 국내 산업에 적용 분석,2026,1
168,24,행동특성,,자신의 진로에 확신을 갖고 교과 시간에 심화 질문을 던지는 탐구욕이 두드러짐.,2026,1
169,25,세특,"창업, 경영, 진로","경영 세특: 스타트업 3곳의 비즈니스 모델을 분석하여 수익 구조 차이를 파악하고, 자체 창업 아이디어에 린 스타트업 방법론을 적용한 MVP 기획서 작성. | 진로 활동: SWOT 분석을 통해 사업 기회·위협 요소를 정량화하고 차별화 전략 수립.",2026,1
170,25,동아리,,"데이터분석 동아리 – 엑셀 기반 데이터 수집·시각화, 프로젝트 3건 완료",2026,1
171,25,봉사,,"푸드뱅크 봉사 – 물품 배분 운영, 연 20시간",2026,1
172,25,진로,,"경제 특강 수강 – 4회 연속 참여, 내용 정리 노트 제출 및 질의응답",2026,1
173,25,수상,,창의경영대회 은상 (교내),2026,1
174,25,독서,,"『재무제표 읽는 법』 – 재무 지표 3가지를 기업 사례에 적용, 투자 적합성 평가",2026,1
175,25,행동특성,,급내 갈등 상황에서 중재자 역할을 수행하며 협력적 분위기를 조성함.,2026,1
176,26,세특,"국어, 사회","국어 세특: 기업 IR 자료를 분석하여 재무제표(영업이익률, ROE)의 추세를 3년간 비교하고 투자 적합성 평가 보고서 작성. | 사회 세특: 플랫폼 비즈니스의 네트워크 효과를 분석하고 오프라인 기업의 디지털 전환 로드맵 제안.",2026,1
177,26,동아리,,"경영 동아리 – 마케팅 전략 프로젝트 팀장, 월 2회 회의 주도, 최종 발표 최우수",2026,1
178,26,봉사,,"지역 아동센터 봉사 – 주 1회, 연 40시간, 학습 지원 및 멘토링",2026,1
179,26,진로,,"창업 캠프(3박4일) – 스타트업 사업계획서 발표, 우수팀 선정",2026,1
180,26,수상,,경제 경시대회 장려상 (지역),2026,1
181,26,독서,,『경영의 미래』 – 디지털 전환 트렌드 분석 및 국내 기업 적용 방안 탐구,2026,1
182,26,행동특성,,매사에 긍정적이며 타인에 대한 배려가 몸에 배어 있어 교우 관계가 원만함.,2026,1
183,27,세특,"수학, 창업","수학 세특: 마케팅 비용과 매출 간 관계를 선형 회귀분석으로 모델링하여 비용 효율이 가장 높은 채널을 특정하고 예산 배분 전략 제안. | 창업 동아리: SWOT·STP·4P 분석을 순서대로 적용한 마케팅 전략 보고서 작성, 교사 평가 최우수.",2026,1
184,27,동아리,,창업 동아리 – 린 스타트업 방법론으로 사업 아이디어 3건 기획·MVP 설계,2026,1
185,27,봉사,,"노인 복지관 봉사 – 식사 보조·말벗 서비스, 연 30시간",2026,1
186,27,진로,,"경영학과 대학 탐방 – 교수 면담, 전공 커리큘럼 조사",2026,1
187,27,수상,,교과우수상 수학,2026,1
188,27,독서,,『설득의 심리학』 – 마케팅 메시지 설계에 심리적 원리를 적용하는 보고서,2026,1
189,27,행동특성,,성실함이 돋보이며 정해진 규칙을 철저히 준수하는 준법정신이 뛰어남.,2026,1
190,28,세특,"사회, 경제, 통합사회",통합사회 세특: CSR 활동이 브랜드 가치에 미치는 영향을 10개 기업 사례로 분석하고 SNS 마케팅 효과와의 연계성을 데이터로 검증. | 경제 세특: 소비자 행동 이론 기반 가격 탄력성 계산 후 3개 제품군의 최적 가격 전략 도출.,2026,1
191,28,동아리,,"경제 동아리 – 기업 분석 리포트 월 1회 작성, 연간 5편 발표",2026,1
192,28,봉사,,"청소년 멘토링 봉사 – 경제·진로 멘토링, 연 25시간",2026,1
193,28,진로,,"증권사 현장 직무 체험 – 리서치 부서, 기업 분석 보고서 실습",2026,1
194,28,수상,,학급 회장 봉사상,2026,1
195,28,독서,,"『빅데이터를 지배하는 통계의 힘』 – 데이터 분석 방법론, 소비자 행동 분석 적용",2026,1
196,28,행동특성,,끊임없이 새로운 아이디어를 제시하고 실현 가능성을 분석하는 창의적 사고력이 우수함.,2026,1
197,29,세특,"국어, 수학",국어 세특: 『블루오션 전략』을 읽고 국내 10개 산업의 경쟁 강도를 분석하여 블루오션 기회를 발굴하고 진입 전략 수립. | 수학 세특: 포트폴리오 분산 투자 모델을 설계하여 리스크 대비 수익률을 최적화하는 비중 배분 계산.,2026,1
198,29,동아리,,"토론 동아리 – 경제·경영 논제 찬반 토론 주도, 최우수 토론자 2회 선정",2026,1
199,29,봉사,,"환경 정화 봉사 – 교내외 캠페인 참여, 연 15시간",2026,1
200,29,진로,,"중소기업 인턴십(2주) – 마케팅팀 실무, SNS 콘텐츠 기획안 제출",2026,1
201,29,수상,,창업아이디어 경진대회 동상 (교내),2026,1
202,29,독서,,"『린 스타트업』 – 스타트업 성장 전략 탐구, 독후감 및 적용 사례 발표",2026,1
203,29,행동특성,,학급 회장으로서 월 2회 회의를 주도하고 학생 의견을 반영한 학급 운영 계획을 수립함.,2026,1
204,30,세특,"경제, 창업","경제 세특: 한국 주요 수출품목의 가격 경쟁력 변화를 분석하고 환율 변동이 기업 수익에 미치는 영향을 수치로 제시. | 창업 동아리: 글로벌 플랫폼 기업의 수익 모델을 비교분석하여 국내 시장 적용 가능성 평가, 데이터 기반 시장 진입 전략 발표.",2026,1
205,30,동아리,,"데이터분석 동아리 – 엑셀 기반 데이터 수집·시각화, 프로젝트 3건 완료",2026,1
206,30,봉사,,"푸드뱅크 봉사 – 물품 배분 운영, 연 20시간",2026,1
207,30,진로,,"경제 특강 수강 – 4회 연속 참여, 내용 정리 노트 제출 및 질의응답",2026,1
208,30,수상,,없음,2026,1
209,30,독서,,『마케팅 불변의 법칙』 – 포지셔닝 전략 현 기업 적용 에세이,2026,1
210,30,행동특성,,데이터를 다루는 능력이 탁월하며 수학적 근거를 바탕으로 논리적인 주장을 펼침.,2026,1
211,31,세특,"국어, 수학","국어 세특: 『마케팅 불변의 법칙』을 읽고 포지셔닝 전략을 기업 3곳(삼성·LG·애플)에 적용하여 차별화 요인을 분석하고 보고서 작성. | 수학 세특: 손익분기점 계산에 회귀분석을 도입하여 매출 변화 추세를 정량화, 변수 간 상관관계(r=0.87) 도출.",2026,1
212,31,동아리,,"경영 동아리 – 마케팅 전략 프로젝트 팀장, 월 2회 회의 주도, 최종 발표 최우수",2026,1
213,31,봉사,,"지역 아동센터 봉사 – 주 1회, 연 40시간, 학습 지원 및 멘토링",2026,1
214,31,진로,,"창업 캠프(3박4일) – 스타트업 사업계획서 발표, 우수팀 선정",2026,1
215,31,수상,,창의경영대회 은상 (교내),2026,1
216,31,독서,,『블루오션 전략』 – 경쟁 없는 시장 창출 전략을 국내 산업에 적용 분석,2026,1
217,31,행동특성,,자신의 진로에 확신을 갖고 교과 시간에 심화 질문을 던지는 탐구욕이 두드러짐.,2026,1
218,32,세특,"사회, 경제",사회 세특: 국내외 기업 5곳의 ESG 탄소중립 전략을 비교분석하고 ESG 점수와 주가 수익률의 상관관계를 스프레드시트로 분석하여 발표. | 경제 세특: 독점적 경쟁 시장의 차별화 전략을 현실 기업 사례에 적용하여 마케팅 전략 효과를 평가.,2026,1
219,32,동아리,,창업 동아리 – 린 스타트업 방법론으로 사업 아이디어 3건 기획·MVP 설계,2026,1
220,32,봉사,,"노인 복지관 봉사 – 식사 보조·말벗 서비스, 연 30시간",2026,1
221,32,진로,,"경영학과 대학 탐방 – 교수 면담, 전공 커리큘럼 조사",2026,1
222,32,수상,,경제 경시대회 장려상 (지역),2026,1
223,32,독서,,"『재무제표 읽는 법』 – 재무 지표 3가지를 기업 사례에 적용, 투자 적합성 평가",2026,1
224,32,행동특성,,급내 갈등 상황에서 중재자 역할을 수행하며 협력적 분위기를 조성함.,2026,1
225,33,세특,"사회, 사회문화, 창업",창업 세특: 소비자 행동 설문(N=120)을 직접 설계·수집하고 SPSS 유사 도구로 구매 패턴 분석 후 핵심 변수 3가지를 도출하여 사업 아이디어에 반영. | 사회문화 세특: 조직 내 의사결정 구조를 분석하고 팀 프로젝트에서 역할 분담·일정 관리를 주도하여 우수상 수상.,2026,1
226,33,동아리,,"경제 동아리 – 기업 분석 리포트 월 1회 작성, 연간 5편 발표",2026,1
227,33,봉사,,"청소년 멘토링 봉사 – 경제·진로 멘토링, 연 25시간",2026,1
228,33,진로,,"증권사 현장 직무 체험 – 리서치 부서, 기업 분석 보고서 실습",2026,1
229,33,수상,,교과우수상 수학,2026,1
230,33,독서,,『경영의 미래』 – 디지털 전환 트렌드 분석 및 국내 기업 적용 방안 탐구,2026,1
231,33,행동특성,,매사에 긍정적이며 타인에 대한 배려가 몸에 배어 있어 교우 관계가 원만함.,2026,1
232,34,세특,"수학, 경제",수학 세특: 현금흐름 분석 모델을 설계하여 3개 기업의 투자 수익률을 비교하고 최적 투자안 도출. | 경제 세특: GDP 성장률과 소비자 지출 데이터를 수집하여 시계열 추세 분석 후 향후 2년 예측 모델 제시.,2026,1
233,34,동아리,,"토론 동아리 – 경제·경영 논제 찬반 토론 주도, 최우수 토론자 2회 선정",2026,1
234,34,봉사,,"환경 정화 봉사 – 교내외 캠페인 참여, 연 15시간",2026,1
235,34,진로,,"중소기업 인턴십(2주) – 마케팅팀 실무, SNS 콘텐츠 기획안 제출",2026,1
236,34,수상,,학급 회장 봉사상,2026,1
237,34,독서,,『설득의 심리학』 – 마케팅 메시지 설계에 심리적 원리를 적용하는 보고서,2026,1
238,34,행동특성,,성실함이 돋보이며 정해진 규칙을 철저히 준수하는 준법정신이 뛰어남.,2026,1
239,35,세특,"창업, 경영, 진로","경영 세특: 스타트업 3곳의 비즈니스 모델을 분석하여 수익 구조 차이를 파악하고, 자체 창업 아이디어에 린 스타트업 방법론을 적용한 MVP 기획서 작성. | 진로 활동: SWOT 분석을 통해 사업 기회·위협 요소를 정량화하고 차별화 전략 수립.",2026,1
240,35,동아리,,"데이터분석 동아리 – 엑셀 기반 데이터 수집·시각화, 프로젝트 3건 완료",2026,1
241,35,봉사,,"푸드뱅크 봉사 – 물품 배분 운영, 연 20시간",2026,1
242,35,진로,,"경제 특강 수강 – 4회 연속 참여, 내용 정리 노트 제출 및 질의응답",2026,1
243,35,수상,,창업아이디어 경진대회 동상 (교내),2026,1
244,35,독서,,"『빅데이터를 지배하는 통계의 힘』 – 데이터 분석 방법론, 소비자 행동 분석 적용",2026,1
245,35,행동특성,,끊임없이 새로운 아이디어를 제시하고 실현 가능성을 분석하는 창의적 사고력이 우수함.,2026,1
246,36,세특,"국어, 사회","국어 세특: 기업 IR 자료를 분석하여 재무제표(영업이익률, ROE)의 추세를 3년간 비교하고 투자 적합성 평가 보고서 작성. | 사회 세특: 플랫폼 비즈니스의 네트워크 효과를 분석하고 오프라인 기업의 디지털 전환 로드맵 제안.",2026,1
247,36,동아리,,"경영 동아리 – 마케팅 전략 프로젝트 팀장, 월 2회 회의 주도, 최종 발표 최우수",2026,1
248,36,봉사,,"지역 아동센터 봉사 – 주 1회, 연 40시간, 학습 지원 및 멘토링",2026,1
249,36,진로,,"창업 캠프(3박4일) – 스타트업 사업계획서 발표, 우수팀 선정",2026,1
250,36,수상,,없음,2026,1
251,36,독서,,"『린 스타트업』 – 스타트업 성장 전략 탐구, 독후감 및 적용 사례 발표",2026,1
252,36,행동특성,,학급 회장으로서 월 2회 회의를 주도하고 학생 의견을 반영한 학급 운영 계획을 수립함.,2026,1
253,37,세특,"수학, 창업","수학 세특: 마케팅 비용과 매출 간 관계를 선형 회귀분석으로 모델링하여 비용 효율이 가장 높은 채널을 특정하고 예산 배분 전략 제안. | 창업 동아리: SWOT·STP·4P 분석을 순서대로 적용한 마케팅 전략 보고서 작성, 교사 평가 최우수.",2026,1
254,37,동아리,,창업 동아리 – 린 스타트업 방법론으로 사업 아이디어 3건 기획·MVP 설계,2026,1
255,37,봉사,,"노인 복지관 봉사 – 식사 보조·말벗 서비스, 연 30시간",2026,1
256,37,진로,,"경영학과 대학 탐방 – 교수 면담, 전공 커리큘럼 조사",2026,1
257,37,수상,,창의경영대회 은상 (교내),2026,1
258,37,독서,,『마케팅 불변의 법칙』 – 포지셔닝 전략 현 기업 적용 에세이,2026,1
259,37,행동특성,,데이터를 다루는 능력이 탁월하며 수학적 근거를 바탕으로 논리적인 주장을 펼침.,2026,1
260,38,세특,"사회, 경제, 통합사회",통합사회 세특: CSR 활동이 브랜드 가치에 미치는 영향을 10개 기업 사례로 분석하고 SNS 마케팅 효과와의 연계성을 데이터로 검증. | 경제 세특: 소비자 행동 이론 기반 가격 탄력성 계산 후 3개 제품군의 최적 가격 전략 도출.,2026,1
261,38,동아리,,"경제 동아리 – 기업 분석 리포트 월 1회 작성, 연간 5편 발표",2026,1
262,38,봉사,,"청소년 멘토링 봉사 – 경제·진로 멘토링, 연 25시간",2026,1
263,38,진로,,"증권사 현장 직무 체험 – 리서치 부서, 기업 분석 보고서 실습",2026,1
264,38,수상,,경제 경시대회 장려상 (지역),2026,1
265,38,독서,,『블루오션 전략』 – 경쟁 없는 시장 창출 전략을 국내 산업에 적용 분석,2026,1
266,38,행동특성,,자신의 진로에 확신을 갖고 교과 시간에 심화 질문을 던지는 탐구욕이 두드러짐.,2026,1
267,39,세특,"국어, 수학",국어 세특: 『블루오션 전략』을 읽고 국내 10개 산업의 경쟁 강도를 분석하여 블루오션 기회를 발굴하고 진입 전략 수립. | 수학 세특: 포트폴리오 분산 투자 모델을 설계하여 리스크 대비 수익률을 최적화하는 비중 배분 계산.,2026,1
268,39,동아리,,"토론 동아리 – 경제·경영 논제 찬반 토론 주도, 최우수 토론자 2회 선정",2026,1
269,39,봉사,,"환경 정화 봉사 – 교내외 캠페인 참여, 연 15시간",2026,1
270,39,진로,,"중소기업 인턴십(2주) – 마케팅팀 실무, SNS 콘텐츠 기획안 제출",2026,1
271,39,수상,,교과우수상 수학,2026,1
272,39,독서,,"『재무제표 읽는 법』 – 재무 지표 3가지를 기업 사례에 적용, 투자 적합성 평가",2026,1
273,39,행동특성,,급내 갈등 상황에서 중재자 역할을 수행하며 협력적 분위기를 조성함.,2026,1
274,40,세특,"경제, 창업","경제 세특: 한국 주요 수출품목의 가격 경쟁력 변화를 분석하고 환율 변동이 기업 수익에 미치는 영향을 수치로 제시. | 창업 동아리: 글로벌 플랫폼 기업의 수익 모델을 비교분석하여 국내 시장 적용 가능성 평가, 데이터 기반 시장 진입 전략 발표.",2026,1
275,40,동아리,,"데이터분석 동아리 – 엑셀 기반 데이터 수집·시각화, 프로젝트 3건 완료",2026,1
276,40,봉사,,"푸드뱅크 봉사 – 물품 배분 운영, 연 20시간",2026,1
277,40,진로,,"경제 특강 수강 – 4회 연속 참여, 내용 정리 노트 제출 및 질의응답",2026,1
278,40,수상,,학급 회장 봉사상,2026,1
279,40,독서,,『경영의 미래』 – 디지털 전환 트렌드 분석 및 국내 기업 적용 방안 탐구,2026,1
280,40,행동특성,,매사에 긍정적이며 타인에 대한 배려가 몸에 배어 있어 교우 관계가 원만함.,2026,1
281,41,세특,"국어, 수학","국어 세특: 『마케팅 불변의 법칙』을 읽고 포지셔닝 전략을 기업 3곳(삼성·LG·애플)에 적용하여 차별화 요인을 분석하고 보고서 작성. | 수학 세특: 손익분기점 계산에 회귀분석을 도입하여 매출 변화 추세를 정량화, 변수 간 상관관계(r=0.87) 도출.",2026,1
282,41,동아리,,"경영 동아리 – 마케팅 전략 프로젝트 팀장, 월 2회 회의 주도, 최종 발표 최우수",2026,1
283,41,봉사,,"지역 아동센터 봉사 – 주 1회, 연 40시간, 학습 지원 및 멘토링",2026,1
284,41,진로,,"창업 캠프(3박4일) – 스타트업 사업계획서 발표, 우수팀 선정",2026,1
285,41,수상,,창업아이디어 경진대회 동상 (교내),2026,1
286,41,독서,,『설득의 심리학』 – 마케팅 메시지 설계에 심리적 원리를 적용하는 보고서,2026,1
287,41,행동특성,,성실함이 돋보이며 정해진 규칙을 철저히 준수하는 준법정신이 뛰어남.,2026,1
288,42,세특,"사회, 경제",사회 세특: 국내외 기업 5곳의 ESG 탄소중립 전략을 비교분석하고 ESG 점수와 주가 수익률의 상관관계를 스프레드시트로 분석하여 발표. | 경제 세특: 독점적 경쟁 시장의 차별화 전략을 현실 기업 사례에 적용하여 마케팅 전략 효과를 평가.,2026,1
289,42,동아리,,창업 동아리 – 린 스타트업 방법론으로 사업 아이디어 3건 기획·MVP 설계,2026,1
290,42,봉사,,"노인 복지관 봉사 – 식사 보조·말벗 서비스, 연 30시간",2026,1
291,42,진로,,"경영학과 대학 탐방 – 교수 면담, 전공 커리큘럼 조사",2026,1
292,42,수상,,없음,2026,1
293,42,독서,,"『빅데이터를 지배하는 통계의 힘』 – 데이터 분석 방법론, 소비자 행동 분석 적용",2026,1
294,42,행동특성,,끊임없이 새로운 아이디어를 제시하고 실현 가능성을 분석하는 창의적 사고력이 우수함.,2026,1
295,43,세특,"사회, 사회문화, 창업",창업 세특: 소비자 행동 설문(N=120)을 직접 설계·수집하고 SPSS 유사 도구로 구매 패턴 분석 후 핵심 변수 3가지를 도출하여 사업 아이디어에 반영. | 사회문화 세특: 조직 내 의사결정 구조를 분석하고 팀 프로젝트에서 역할 분담·일정 관리를 주도하여 우수상 수상.,2026,1
296,43,동아리,,"경제 동아리 – 기업 분석 리포트 월 1회 작성, 연간 5편 발표",2026,1
297,43,봉사,,"청소년 멘토링 봉사 – 경제·진로 멘토링, 연 25시간",2026,1
298,43,진로,,"증권사 현장 직무 체험 – 리서치 부서, 기업 분석 보고서 실습",2026,1
299,43,수상,,창의경영대회 은상 (교내),2026,1
300,43,독서,,"『린 스타트업』 – 스타트업 성장 전략 탐구, 독후감 및 적용 사례 발표",2026,1
301,43,행동특성,,학급 회장으로서 월 2회 회의를 주도하고 학생 의견을 반영한 학급 운영 계획을 수립함.,2026,1
302,44,세특,"수학, 경제",수학 세특: 현금흐름 분석 모델을 설계하여 3개 기업의 투자 수익률을 비교하고 최적 투자안 도출. | 경제 세특: GDP 성장률과 소비자 지출 데이터를 수집하여 시계열 추세 분석 후 향후 2년 예측 모델 제시.,2026,1
303,44,동아리,,"토론 동아리 – 경제·경영 논제 찬반 토론 주도, 최우수 토론자 2회 선정",2026,1
304,44,봉사,,"환경 정화 봉사 – 교내외 캠페인 참여, 연 15시간",2026,1
305,44,진로,,"중소기업 인턴십(2주) – 마케팅팀 실무, SNS 콘텐츠 기획안 제출",2026,1
306,44,수상,,경제 경시대회 장려상 (지역),2026,1
307,44,독서,,『마케팅 불변의 법칙』 – 포지셔닝 전략 현 기업 적용 에세이,2026,1
308,44,행동특성,,데이터를 다루는 능력이 탁월하며 수학적 근거를 바탕으로 논리적인 주장을 펼침.,2026,1
309,45,세특,"창업, 경영, 진로","경영 세특: 스타트업 3곳의 비즈니스 모델을 분석하여 수익 구조 차이를 파악하고, 자체 창업 아이디어에 린 스타트업 방법론을 적용한 MVP 기획서 작성. | 진로 활동: SWOT 분석을 통해 사업 기회·위협 요소를 정량화하고 차별화 전략 수립.",2026,1
310,45,동아리,,"데이터분석 동아리 – 엑셀 기반 데이터 수집·시각화, 프로젝트 3건 완료",2026,1
311,45,봉사,,"푸드뱅크 봉사 – 물품 배분 운영, 연 20시간",2026,1
312,45,진로,,"경제 특강 수강 – 4회 연속 참여, 내용 정리 노트 제출 및 질의응답",2026,1
313,45,수상,,교과우수상 수학,2026,1
314,45,독서,,『블루오션 전략』 – 경쟁 없는 시장 창출 전략을 국내 산업에 적용 분석,2026,1
315,45,행동특성,,자신의 진로에 확신을 갖고 교과 시간에 심화 질문을 던지는 탐구욕이 두드러짐.,2026,1
316,46,세특,"국어, 사회","국어 세특: 기업 IR 자료를 분석하여 재무제표(영업이익률, ROE)의 추세를 3년간 비교하고 투자 적합성 평가 보고서 작성. | 사회 세특: 플랫폼 비즈니스의 네트워크 효과를 분석하고 오프라인 기업의 디지털 전환 로드맵 제안.",2026,1
317,46,동아리,,"경영 동아리 – 마케팅 전략 프로젝트 팀장, 월 2회 회의 주도, 최종 발표 최우수",2026,1
318,46,봉사,,"지역 아동센터 봉사 – 주 1회, 연 40시간, 학습 지원 및 멘토링",2026,1
319,46,진로,,"창업 캠프(3박4일) – 스타트업 사업계획서 발표, 우수팀 선정",2026,1
320,46,수상,,학급 회장 봉사상,2026,1
321,46,독서,,"『재무제표 읽는 법』 – 재무 지표 3가지를 기업 사례에 적용, 투자 적합성 평가",2026,1
322,46,행동특성,,급내 갈등 상황에서 중재자 역할을 수행하며 협력적 분위기를 조성함.,2026,1
323,47,세특,"수학, 창업","수학 세특: 마케팅 비용과 매출 간 관계를 선형 회귀분석으로 모델링하여 비용 효율이 가장 높은 채널을 특정하고 예산 배분 전략 제안. | 창업 동아리: SWOT·STP·4P 분석을 순서대로 적용한 마케팅 전략 보고서 작성, 교사 평가 최우수.",2026,1
324,47,동아리,,창업 동아리 – 린 스타트업 방법론으로 사업 아이디어 3건 기획·MVP 설계,2026,1
325,47,봉사,,"노인 복지관 봉사 – 식사 보조·말벗 서비스, 연 30시간",2026,1
326,47,진로,,"경영학과 대학 탐방 – 교수 면담, 전공 커리큘럼 조사",2026,1
327,47,수상,,창업아이디어 경진대회 동상 (교내),2026,1
328,47,독서,,『경영의 미래』 – 디지털 전환 트렌드 분석 및 국내 기업 적용 방안 탐구,2026,1
329,47,행동특성,,매사에 긍정적이며 타인에 대한 배려가 몸에 배어 있어 교우 관계가 원만함.,2026,1
330,48,세특,"사회, 경제, 통합사회",통합사회 세특: CSR 활동이 브랜드 가치에 미치는 영향을 10개 기업 사례로 분석하고 SNS 마케팅 효과와의 연계성을 데이터로 검증. | 경제 세특: 소비자 행동 이론 기반 가격 탄력성 계산 후 3개 제품군의 최적 가격 전략 도출.,2026,1
331,48,동아리,,"경제 동아리 – 기업 분석 리포트 월 1회 작성, 연간 5편 발표",2026,1
332,48,봉사,,"청소년 멘토링 봉사 – 경제·진로 멘토링, 연 25시간",2026,1
333,48,진로,,"증권사 현장 직무 체험 – 리서치 부서, 기업 분석 보고서 실습",2026,1
334,48,수상,,없음,2026,1
335,48,독서,,『설득의 심리학』 – 마케팅 메시지 설계에 심리적 원리를 적용하는 보고서,2026,1
336,48,행동특성,,성실함이 돋보이며 정해진 규칙을 철저히 준수하는 준법정신이 뛰어남.,2026,1
337,49,세특,"국어, 수학",국어 세특: 『블루오션 전략』을 읽고 국내 10개 산업의 경쟁 강도를 분석하여 블루오션 기회를 발굴하고 진입 전략 수립. | 수학 세특: 포트폴리오 분산 투자 모델을 설계하여 리스크 대비 수익률을 최적화하는 비중 배분 계산.,2026,1
338,49,동아리,,"토론 동아리 – 경제·경영 논제 찬반 토론 주도, 최우수 토론자 2회 선정",2026,1
339,49,봉사,,"환경 정화 봉사 – 교내외 캠페인 참여, 연 15시간",2026,1
340,49,진로,,"중소기업 인턴십(2주) – 마케팅팀 실무, SNS 콘텐츠 기획안 제출",2026,1
341,49,수상,,창의경영대회 은상 (교내),2026,1
342,49,독서,,"『빅데이터를 지배하는 통계의 힘』 – 데이터 분석 방법론, 소비자 행동 분석 적용",2026,1
343,49,행동특성,,끊임없이 새로운 아이디어를 제시하고 실현 가능성을 분석하는 창의적 사고력이 우수함.,2026,1
344,50,세특,"경제, 창업","경제 세특: 한국 주요 수출품목의 가격 경쟁력 변화를 분석하고 환율 변동이 기업 수익에 미치는 영향을 수치로 제시. | 창업 동아리: 글로벌 플랫폼 기업의 수익 모델을 비교분석하여 국내 시장 적용 가능성 평가, 데이터 기반 시장 진입 전략 발표.",2026,1
345,50,동아리,,"데이터분석 동아리 – 엑셀 기반 데이터 수집·시각화, 프로젝트 3건 완료",2026,1
346,50,봉사,,"푸드뱅크 봉사 – 물품 배분 운영, 연 20시간",2026,1
347,50,진로,,"경제 특강 수강 – 4회 연속 참여, 내용 정리 노트 제출 및 질의응답",2026,1
348,50,수상,,경제 경시대회 장려상 (지역),2026,1
349,50,독서,,"『린 스타트업』 – 스타트업 성장 전략 탐구, 독후감 및 적용 사례 발표",2026,1
350,50,행동특성,,학급 회장으로서 월 2회 회의를 주도하고 학생 의견을 반영한 학급 운영 계획을 수립함.,2026,1
351,51,세특,"국어, 수학","국어 세특: 『마케팅 불변의 법칙』을 읽고 포지셔닝 전략을 기업 3곳(삼성·LG·애플)에 적용하여 차별화 요인을 분석하고 보고서 작성. | 수학 세특: 손익분기점 계산에 회귀분석을 도입하여 매출 변화 추세를 정량화, 변수 간 상관관계(r=0.87) 도출.",2026,1
352,51,동아리,,"경영 동아리 – 마케팅 전략 프로젝트 팀장, 월 2회 회의 주도, 최종 발표 최우수",2026,1
353,51,봉사,,"지역 아동센터 봉사 – 주 1회, 연 40시간, 학습 지원 및 멘토링",2026,1
354,51,진로,,"창업 캠프(3박4일) – 스타트업 사업계획서 발표, 우수팀 선정",2026,1
355,51,수상,,교과우수상 수학,2026,1
356,51,독서,,『마케팅 불변의 법칙』 – 포지셔닝 전략 현 기업 적용 에세이,2026,1
357,51,행동특성,,데이터를 다루는 능력이 탁월하며 수학적 근거를 바탕으로 논리적인 주장을 펼침.,2026,1
358,52,세특,"사회, 경제",사회 세특: 국내외 기업 5곳의 ESG 탄소중립 전략을 비교분석하고 ESG 점수와 주가 수익률의 상관관계를 스프레드시트로 분석하여 발표. | 경제 세특: 독점적 경쟁 시장의 차별화 전략을 현실 기업 사례에 적용하여 마케팅 전략 효과를 평가.,2026,1
359,52,동아리,,창업 동아리 – 린 스타트업 방법론으로 사업 아이디어 3건 기획·MVP 설계,2026,1
360,52,봉사,,"노인 복지관 봉사 – 식사 보조·말벗 서비스, 연 30시간",2026,1
361,52,진로,,"경영학과 대학 탐방 – 교수 면담, 전공 커리큘럼 조사",2026,1
362,52,수상,,학급 회장 봉사상,2026,1
363,52,독서,,『블루오션 전략』 – 경쟁 없는 시장 창출 전략을 국내 산업에 적용 분석,2026,1
364,52,행동특성,,자신의 진로에 확신을 갖고 교과 시간에 심화 질문을 던지는 탐구욕이 두드러짐.,2026,1
365,53,세특,"사회, 사회문화, 창업",창업 세특: 소비자 행동 설문(N=120)을 직접 설계·수집하고 SPSS 유사 도구로 구매 패턴 분석 후 핵심 변수 3가지를 도출하여 사업 아이디어에 반영. | 사회문화 세특: 조직 내 의사결정 구조를 분석하고 팀 프로젝트에서 역할 분담·일정 관리를 주도하여 우수상 수상.,2026,1
366,53,동아리,,"경제 동아리 – 기업 분석 리포트 월 1회 작성, 연간 5편 발표",2026,1
367,53,봉사,,"청소년 멘토링 봉사 – 경제·진로 멘토링, 연 25시간",2026,1
368,53,진로,,"증권사 현장 직무 체험 – 리서치 부서, 기업 분석 보고서 실습",2026,1
369,53,수상,,창업아이디어 경진대회 동상 (교내),2026,1
370,53,독서,,"『재무제표 읽는 법』 – 재무 지표 3가지를 기업 사례에 적용, 투자 적합성 평가",2026,1
371,53,행동특성,,급내 갈등 상황에서 중재자 역할을 수행하며 협력적 분위기를 조성함.,2026,1
372,54,세특,"수학, 경제",수학 세특: 현금흐름 분석 모델을 설계하여 3개 기업의 투자 수익률을 비교하고 최적 투자안 도출. | 경제 세특: GDP 성장률과 소비자 지출 데이터를 수집하여 시계열 추세 분석 후 향후 2년 예측 모델 제시.,2026,1
373,54,동아리,,"토론 동아리 – 경제·경영 논제 찬반 토론 주도, 최우수 토론자 2회 선정",2026,1
374,54,봉사,,"환경 정화 봉사 – 교내외 캠페인 참여, 연 15시간",2026,1
375,54,진로,,"중소기업 인턴십(2주) – 마케팅팀 실무, SNS 콘텐츠 기획안 제출",2026,1
376,54,수상,,없음,2026,1
377,54,독서,,『경영의 미래』 – 디지털 전환 트렌드 분석 및 국내 기업 적용 방안 탐구,2026,1
378,54,행동특성,,매사에 긍정적이며 타인에 대한 배려가 몸에 배어 있어 교우 관계가 원만함.,2026,1
379,55,세특,"창업, 경영, 진로","경영 세특: 스타트업 3곳의 비즈니스 모델을 분석하여 수익 구조 차이를 파악하고, 자체 창업 아이디어에 린 스타트업 방법론을 적용한 MVP 기획서 작성. | 진로 활동: SWOT 분석을 통해 사업 기회·위협 요소를 정량화하고 차별화 전략 수립.",2026,1
380,55,동아리,,"데이터분석 동아리 – 엑셀 기반 데이터 수집·시각화, 프로젝트 3건 완료",2026,1
381,55,봉사,,"푸드뱅크 봉사 – 물품 배분 운영, 연 20시간",2026,1
382,55,진로,,"경제 특강 수강 – 4회 연속 참여, 내용 정리 노트 제출 및 질의응답",2026,1
383,55,수상,,창의경영대회 은상 (교내),2026,1
384,55,독서,,『설득의 심리학』 – 마케팅 메시지 설계에 심리적 원리를 적용하는 보고서,2026,1
385,55,행동특성,,성실함이 돋보이며 정해진 규칙을 철저히 준수하는 준법정신이 뛰어남.,2026,1
386,56,세특,"국어, 사회","국어 세특: 기업 IR 자료를 분석하여 재무제표(영업이익률, ROE)의 추세를 3년간 비교하고 투자 적합성 평가 보고서 작성. | 사회 세특: 플랫폼 비즈니스의 네트워크 효과를 분석하고 오프라인 기업의 디지털 전환 로드맵 제안.",2026,1
387,56,동아리,,"경영 동아리 – 마케팅 전략 프로젝트 팀장, 월 2회 회의 주도, 최종 발표 최우수",2026,1
388,56,봉사,,"지역 아동센터 봉사 – 주 1회, 연 40시간, 학습 지원 및 멘토링",2026,1
389,56,진로,,"창업 캠프(3박4일) – 스타트업 사업계획서 발표, 우수팀 선정",2026,1
390,56,수상,,경제 경시대회 장려상 (지역),2026,1
391,56,독서,,"『빅데이터를 지배하는 통계의 힘』 – 데이터 분석 방법론, 소비자 행동 분석 적용",2026,1
392,56,행동특성,,끊임없이 새로운 아이디어를 제시하고 실현 가능성을 분석하는 창의적 사고력이 우수함.,2026,1
393,57,세특,"수학, 창업","수학 세특: 마케팅 비용과 매출 간 관계를 선형 회귀분석으로 모델링하여 비용 효율이 가장 높은 채널을 특정하고 예산 배분 전략 제안. | 창업 동아리: SWOT·STP·4P 분석을 순서대로 적용한 마케팅 전략 보고서 작성, 교사 평가 최우수.",2026,1
394,57,동아리,,창업 동아리 – 린 스타트업 방법론으로 사업 아이디어 3건 기획·MVP 설계,2026,1
395,57,봉사,,"노인 복지관 봉사 – 식사 보조·말벗 서비스, 연 30시간",2026,1
396,57,진로,,"경영학과 대학 탐방 – 교수 면담, 전공 커리큘럼 조사",2026,1
397,57,수상,,교과우수상 수학,2026,1
398,57,독서,,"『린 스타트업』 – 스타트업 성장 전략 탐구, 독후감 및 적용 사례 발표",2026,1
399,57,행동특성,,학급 회장으로서 월 2회 회의를 주도하고 학생 의견을 반영한 학급 운영 계획을 수립함.,2026,1
400,58,세특,"사회, 경제, 통합사회",통합사회 세특: CSR 활동이 브랜드 가치에 미치는 영향을 10개 기업 사례로 분석하고 SNS 마케팅 효과와의 연계성을 데이터로 검증. | 경제 세특: 소비자 행동 이론 기반 가격 탄력성 계산 후 3개 제품군의 최적 가격 전략 도출.,2026,1
401,58,동아리,,"경제 동아리 – 기업 분석 리포트 월 1회 작성, 연간 5편 발표",2026,1
402,58,봉사,,"청소년 멘토링 봉사 – 경제·진로 멘토링, 연 25시간",2026,1
403,58,진로,,"증권사 현장 직무 체험 – 리서치 부서, 기업 분석 보고서 실습",2026,1
404,58,수상,,학급 회장 봉사상,2026,1
405,58,독서,,『마케팅 불변의 법칙』 – 포지셔닝 전략 현 기업 적용 에세이,2026,1
406,58,행동특성,,데이터를 다루는 능력이 탁월하며 수학적 근거를 바탕으로 논리적인 주장을 펼침.,2026,1
407,59,세특,"국어, 수학",국어 세특: 『블루오션 전략』을 읽고 국내 10개 산업의 경쟁 강도를 분석하여 블루오션 기회를 발굴하고 진입 전략 수립. | 수학 세특: 포트폴리오 분산 투자 모델을 설계하여 리스크 대비 수익률을 최적화하는 비중 배분 계산.,2026,1
408,59,동아리,,"토론 동아리 – 경제·경영 논제 찬반 토론 주도, 최우수 토론자 2회 선정",2026,1
409,59,봉사,,"환경 정화 봉사 – 교내외 캠페인 참여, 연 15시간",2026,1
410,59,진로,,"중소기업 인턴십(2주) – 마케팅팀 실무, SNS 콘텐츠 기획안 제출",2026,1
411,59,수상,,창업아이디어 경진대회 동상 (교내),2026,1
412,59,독서,,『블루오션 전략』 – 경쟁 없는 시장 창출 전략을 국내 산업에 적용 분석,2026,1
413,59,행동특성,,자신의 진로에 확신을 갖고 교과 시간에 심화 질문을 던지는 탐구욕이 두드러짐.,2026,1
414,60,세특,"경제, 창업","경제 세특: 한국 주요 수출품목의 가격 경쟁력 변화를 분석하고 환율 변동이 기업 수익에 미치는 영향을 수치로 제시. | 창업 동아리: 글로벌 플랫폼 기업의 수익 모델을 비교분석하여 국내 시장 적용 가능성 평가, 데이터 기반 시장 진입 전략 발표.",2026,1
415,60,동아리,,"데이터분석 동아리 – 엑셀 기반 데이터 수집·시각화, 프로젝트 3건 완료",2026,1
416,60,봉사,,"푸드뱅크 봉사 – 물품 배분 운영, 연 20시간",2026,1
417,60,진로,,"경제 특강 수강 – 4회 연속 참여, 내용 정리 노트 제출 및 질의응답",2026,1
418,60,수상,,없음,2026,1
419,60,독서,,"『재무제표 읽는 법』 – 재무 지표 3가지를 기업 사례에 적용, 투자 적합성 평가",2026,1
420,60,행동특성,,급내 갈등 상황에서 중재자 역할을 수행하며 협력적 분위기를 조성함.,2026,1
421,61,세특,"국어, 수학","국어 세특: 『마케팅 불변의 법칙』을 읽고 포지셔닝 전략을 기업 3곳(삼성·LG·애플)에 적용하여 차별화 요인을 분석하고 보고서 작성. | 수학 세특: 손익분기점 계산에 회귀분석을 도입하여 매출 변화 추세를 정량화, 변수 간 상관관계(r=0.87) 도출.",2026,1
422,61,동아리,,"경영 동아리 – 마케팅 전략 프로젝트 팀장, 월 2회 회의 주도, 최종 발표 최우수",2026,1
423,61,봉사,,"지역 아동센터 봉사 – 주 1회, 연 40시간, 학습 지원 및 멘토링",2026,1
424,61,진로,,"창업 캠프(3박4일) – 스타트업 사업계획서 발표, 우수팀 선정",2026,1
425,61,수상,,창의경영대회 은상 (교내),2026,1
426,61,독서,,『경영의 미래』 – 디지털 전환 트렌드 분석 및 국내 기업 적용 방안 탐구,2026,1
427,61,행동특성,,매사에 긍정적이며 타인에 대한 배려가 몸에 배어 있어 교우 관계가 원만함.,2026,1
428,62,세특,"사회, 경제",사회 세특: 국내외 기업 5곳의 ESG 탄소중립 전략을 비교분석하고 ESG 점수와 주가 수익률의 상관관계를 스프레드시트로 분석하여 발표. | 경제 세특: 독점적 경쟁 시장의 차별화 전략을 현실 기업 사례에 적용하여 마케팅 전략 효과를 평가.,2026,1
429,62,동아리,,창업 동아리 – 린 스타트업 방법론으로 사업 아이디어 3건 기획·MVP 설계,2026,1
430,62,봉사,,"노인 복지관 봉사 – 식사 보조·말벗 서비스, 연 30시간",2026,1
431,62,진로,,"경영학과 대학 탐방 – 교수 면담, 전공 커리큘럼 조사",2026,1
432,62,수상,,경제 경시대회 장려상 (지역),2026,1
433,62,독서,,『설득의 심리학』 – 마케팅 메시지 설계에 심리적 원리를 적용하는 보고서,2026,1
434,62,행동특성,,성실함이 돋보이며 정해진 규칙을 철저히 준수하는 준법정신이 뛰어남.,2026,1
435,63,세특,"사회, 사회문화, 창업",창업 세특: 소비자 행동 설문(N=120)을 직접 설계·수집하고 SPSS 유사 도구로 구매 패턴 분석 후 핵심 변수 3가지를 도출하여 사업 아이디어에 반영. | 사회문화 세특: 조직 내 의사결정 구조를 분석하고 팀 프로젝트에서 역할 분담·일정 관리를 주도하여 우수상 수상.,2026,1
436,63,동아리,,"경제 동아리 – 기업 분석 리포트 월 1회 작성, 연간 5편 발표",2026,1
437,63,봉사,,"청소년 멘토링 봉사 – 경제·진로 멘토링, 연 25시간",2026,1
438,63,진로,,"증권사 현장 직무 체험 – 리서치 부서, 기업 분석 보고서 실습",2026,1
439,63,수상,,교과우수상 수학,2026,1
440,63,독서,,"『빅데이터를 지배하는 통계의 힘』 – 데이터 분석 방법론, 소비자 행동 분석 적용",2026,1
441,63,행동특성,,끊임없이 새로운 아이디어를 제시하고 실현 가능성을 분석하는 창의적 사고력이 우수함.,2026,1
442,64,세특,"수학, 경제",수학 세특: 현금흐름 분석 모델을 설계하여 3개 기업의 투자 수익률을 비교하고 최적 투자안 도출. | 경제 세특: GDP 성장률과 소비자 지출 데이터를 수집하여 시계열 추세 분석 후 향후 2년 예측 모델 제시.,2026,1
443,64,동아리,,"토론 동아리 – 경제·경영 논제 찬반 토론 주도, 최우수 토론자 2회 선정",2026,1
444,64,봉사,,"환경 정화 봉사 – 교내외 캠페인 참여, 연 15시간",2026,1
445,64,진로,,"중소기업 인턴십(2주) – 마케팅팀 실무, SNS 콘텐츠 기획안 제출",2026,1
446,64,수상,,학급 회장 봉사상,2026,1
447,64,독서,,"『린 스타트업』 – 스타트업 성장 전략 탐구, 독후감 및 적용 사례 발표",2026,1
448,64,행동특성,,학급 회장으로서 월 2회 회의를 주도하고 학생 의견을 반영한 학급 운영 계획을 수립함.,2026,1
449,65,세특,"창업, 경영, 진로","경영 세특: 스타트업 3곳의 비즈니스 모델을 분석하여 수익 구조 차이를 파악하고, 자체 창업 아이디어에 린 스타트업 방법론을 적용한 MVP 기획서 작성. | 진로 활동: SWOT 분석을 통해 사업 기회·위협 요소를 정량화하고 차별화 전략 수립.",2026,1
450,65,동아리,,"데이터분석 동아리 – 엑셀 기반 데이터 수집·시각화, 프로젝트 3건 완료",2026,1
451,65,봉사,,"푸드뱅크 봉사 – 물품 배분 운영, 연 20시간",2026,1
452,65,진로,,"경제 특강 수강 – 4회 연속 참여, 내용 정리 노트 제출 및 질의응답",2026,1
453,65,수상,,창업아이디어 경진대회 동상 (교내),2026,1
454,65,독서,,『마케팅 불변의 법칙』 – 포지셔닝 전략 현 기업 적용 에세이,2026,1
455,65,행동특성,,데이터를 다루는 능력이 탁월하며 수학적 근거를 바탕으로 논리적인 주장을 펼침.,2026,1
456,66,세특,"국어, 사회","국어 세특: 기업 IR 자료를 분석하여 재무제표(영업이익률, ROE)의 추세를 3년간 비교하고 투자 적합성 평가 보고서 작성. | 사회 세특: 플랫폼 비즈니스의 네트워크 효과를 분석하고 오프라인 기업의 디지털 전환 로드맵 제안.",2026,1
457,66,동아리,,"경영 동아리 – 마케팅 전략 프로젝트 팀장, 월 2회 회의 주도, 최종 발표 최우수",2026,1
458,66,봉사,,"지역 아동센터 봉사 – 주 1회, 연 40시간, 학습 지원 및 멘토링",2026,1
459,66,진로,,"창업 캠프(3박4일) – 스타트업 사업계획서 발표, 우수팀 선정",2026,1
460,66,수상,,없음,2026,1
461,66,독서,,『블루오션 전략』 – 경쟁 없는 시장 창출 전략을 국내 산업에 적용 분석,2026,1
462,66,행동특성,,자신의 진로에 확신을 갖고 교과 시간에 심화 질문을 던지는 탐구욕이 두드러짐.,2026,1
463,67,세특,"수학, 창업","수학 세특: 마케팅 비용과 매출 간 관계를 선형 회귀분석으로 모델링하여 비용 효율이 가장 높은 채널을 특정하고 예산 배분 전략 제안. | 창업 동아리: SWOT·STP·4P 분석을 순서대로 적용한 마케팅 전략 보고서 작성, 교사 평가 최우수.",2026,1
464,67,동아리,,창업 동아리 – 린 스타트업 방법론으로 사업 아이디어 3건 기획·MVP 설계,2026,1
465,67,봉사,,"노인 복지관 봉사 – 식사 보조·말벗 서비스, 연 30시간",2026,1
466,67,진로,,"경영학과 대학 탐방 – 교수 면담, 전공 커리큘럼 조사",2026,1
467,67,수상,,창의경영대회 은상 (교내),2026,1
468,67,독서,,"『재무제표 읽는 법』 – 재무 지표 3가지를 기업 사례에 적용, 투자 적합성 평가",2026,1
469,67,행동특성,,급내 갈등 상황에서 중재자 역할을 수행하며 협력적 분위기를 조성함.,2026,1
470,68,세특,"사회, 경제, 통합사회",통합사회 세특: CSR 활동이 브랜드 가치에 미치는 영향을 10개 기업 사례로 분석하고 SNS 마케팅 효과와의 연계성을 데이터로 검증. | 경제 세특: 소비자 행동 이론 기반 가격 탄력성 계산 후 3개 제품군의 최적 가격 전략 도출.,2026,1
471,68,동아리,,"경제 동아리 – 기업 분석 리포트 월 1회 작성, 연간 5편 발표",2026,1
472,68,봉사,,"청소년 멘토링 봉사 – 경제·진로 멘토링, 연 25시간",2026,1
473,68,진로,,"증권사 현장 직무 체험 – 리서치 부서, 기업 분석 보고서 실습",2026,1
474,68,수상,,경제 경시대회 장려상 (지역),2026,1
475,68,독서,,『경영의 미래』 – 디지털 전환 트렌드 분석 및 국내 기업 적용 방안 탐구,2026,1
476,68,행동특성,,매사에 긍정적이며 타인에 대한 배려가 몸에 배어 있어 교우 관계가 원만함.,2026,1
477,69,세특,"국어, 수학",국어 세특: 『블루오션 전략』을 읽고 국내 10개 산업의 경쟁 강도를 분석하여 블루오션 기회를 발굴하고 진입 전략 수립. | 수학 세특: 포트폴리오 분산 투자 모델을 설계하여 리스크 대비 수익률을 최적화하는 비중 배분 계산.,2026,1
478,69,동아리,,"토론 동아리 – 경제·경영 논제 찬반 토론 주도, 최우수 토론자 2회 선정",2026,1
479,69,봉사,,"환경 정화 봉사 – 교내외 캠페인 참여, 연 15시간",2026,1
480,69,진로,,"중소기업 인턴십(2주) – 마케팅팀 실무, SNS 콘텐츠 기획안 제출",2026,1
481,69,수상,,교과우수상 수학,2026,1
482,69,독서,,『설득의 심리학』 – 마케팅 메시지 설계에 심리적 원리를 적용하는 보고서,2026,1
483,69,행동특성,,성실함이 돋보이며 정해진 규칙을 철저히 준수하는 준법정신이 뛰어남.,2026,1
484,70,세특,"경제, 창업","경제 세특: 한국 주요 수출품목의 가격 경쟁력 변화를 분석하고 환율 변동이 기업 수익에 미치는 영향을 수치로 제시. | 창업 동아리: 글로벌 플랫폼 기업의 수익 모델을 비교분석하여 국내 시장 적용 가능성 평가, 데이터 기반 시장 진입 전략 발표.",2026,1
485,70,동아리,,"데이터분석 동아리 – 엑셀 기반 데이터 수집·시각화, 프로젝트 3건 완료",2026,1
486,70,봉사,,"푸드뱅크 봉사 – 물품 배분 운영, 연 20시간",2026,1
487,70,진로,,"경제 특강 수강 – 4회 연속 참여, 내용 정리 노트 제출 및 질의응답",2026,1
488,70,수상,,학급 회장 봉사상,2026,1
489,70,독서,,"『빅데이터를 지배하는 통계의 힘』 – 데이터 분석 방법론, 소비자 행동 분석 적용",2026,1
490,70,행동특성,,끊임없이 새로운 아이디어를 제시하고 실현 가능성을 분석하는 창의적 사고력이 우수함.,2026,1
491,71,세특,"국어, 수학","국어 세특: 『마케팅 불변의 법칙』을 읽고 포지셔닝 전략을 기업 3곳(삼성·LG·애플)에 적용하여 차별화 요인을 분석하고 보고서 작성. | 수학 세특: 손익분기점 계산에 회귀분석을 도입하여 매출 변화 추세를 정량화, 변수 간 상관관계(r=0.87) 도출.",2026,1
492,71,동아리,,"경영 동아리 – 마케팅 전략 프로젝트 팀장, 월 2회 회의 주도, 최종 발표 최우수",2026,1
493,71,봉사,,"지역 아동센터 봉사 – 주 1회, 연 40시간, 학습 지원 및 멘토링",2026,1
494,71,진로,,"창업 캠프(3박4일) – 스타트업 사업계획서 발표, 우수팀 선정",2026,1
495,71,수상,,창업아이디어 경진대회 동상 (교내),2026,1
496,71,독서,,"『린 스타트업』 – 스타트업 성장 전략 탐구, 독후감 및 적용 사례 발표",2026,1
497,71,행동특성,,학급 회장으로서 월 2회 회의를 주도하고 학생 의견을 반영한 학급 운영 계획을 수립함.,2026,1
498,72,세특,"사회, 경제",사회 세특: 국내외 기업 5곳의 ESG 탄소중립 전략을 비교분석하고 ESG 점수와 주가 수익률의 상관관계를 스프레드시트로 분석하여 발표. | 경제 세특: 독점적 경쟁 시장의 차별화 전략을 현실 기업 사례에 적용하여 마케팅 전략 효과를 평가.,2026,1
499,72,동아리,,창업 동아리 – 린 스타트업 방법론으로 사업 아이디어 3건 기획·MVP 설계,2026,1
500,72,봉사,,"노인 복지관 봉사 – 식사 보조·말벗 서비스, 연 30시간",2026,1
501,72,진로,,"경영학과 대학 탐방 – 교수 면담, 전공 커리큘럼 조사",2026,1
502,72,수상,,없음,2026,1
503,72,독서,,『마케팅 불변의 법칙』 – 포지셔닝 전략 현 기업 적용 에세이,2026,1
504,72,행동특성,,데이터를 다루는 능력이 탁월하며 수학적 근거를 바탕으로 논리적인 주장을 펼침.,2026,1
505,73,세특,"사회, 사회문화, 창업",창업 세특: 소비자 행동 설문(N=120)을 직접 설계·수집하고 SPSS 유사 도구로 구매 패턴 분석 후 핵심 변수 3가지를 도출하여 사업 아이디어에 반영. | 사회문화 세특: 조직 내 의사결정 구조를 분석하고 팀 프로젝트에서 역할 분담·일정 관리를 주도하여 우수상 수상.,2026,1
506,73,동아리,,"경제 동아리 – 기업 분석 리포트 월 1회 작성, 연간 5편 발표",2026,1
507,73,봉사,,"청소년 멘토링 봉사 – 경제·진로 멘토링, 연 25시간",2026,1
508,73,진로,,"증권사 현장 직무 체험 – 리서치 부서, 기업 분석 보고서 실습",2026,1
509,73,수상,,창의경영대회 은상 (교내),2026,1
510,73,독서,,『블루오션 전략』 – 경쟁 없는 시장 창출 전략을 국내 산업에 적용 분석,2026,1
511,73,행동특성,,자신의 진로에 확신을 갖고 교과 시간에 심화 질문을 던지는 탐구욕이 두드러짐.,2026,1
512,74,세특,"수학, 경제",수학 세특: 현금흐름 분석 모델을 설계하여 3개 기업의 투자 수익률을 비교하고 최적 투자안 도출. | 경제 세특: GDP 성장률과 소비자 지출 데이터를 수집하여 시계열 추세 분석 후 향후 2년 예측 모델 제시.,2026,1
513,74,동아리,,"토론 동아리 – 경제·경영 논제 찬반 토론 주도, 최우수 토론자 2회 선정",2026,1
514,74,봉사,,"환경 정화 봉사 – 교내외 캠페인 참여, 연 15시간",2026,1
515,74,진로,,"중소기업 인턴십(2주) – 마케팅팀 실무, SNS 콘텐츠 기획안 제출",2026,1
516,74,수상,,경제 경시대회 장려상 (지역),2026,1
517,74,독서,,"『재무제표 읽는 법』 – 재무 지표 3가지를 기업 사례에 적용, 투자 적합성 평가",2026,1
518,74,행동특성,,급내 갈등 상황에서 중재자 역할을 수행하며 협력적 분위기를 조성함.,2026,1
519,75,세특,"창업, 경영, 진로","경영 세특: 스타트업 3곳의 비즈니스 모델을 분석하여 수익 구조 차이를 파악하고, 자체 창업 아이디어에 린 스타트업 방법론을 적용한 MVP 기획서 작성. | 진로 활동: SWOT 분석을 통해 사업 기회·위협 요소를 정량화하고 차별화 전략 수립.",2026,1
520,75,동아리,,"데이터분석 동아리 – 엑셀 기반 데이터 수집·시각화, 프로젝트 3건 완료",2026,1
521,75,봉사,,"푸드뱅크 봉사 – 물품 배분 운영, 연 20시간",2026,1
522,75,진로,,"경제 특강 수강 – 4회 연속 참여, 내용 정리 노트 제출 및 질의응답",2026,1
523,75,수상,,교과우수상 수학,2026,1
524,75,독서,,『경영의 미래』 – 디지털 전환 트렌드 분석 및 국내 기업 적용 방안 탐구,2026,1
525,75,행동특성,,매사에 긍정적이며 타인에 대한 배려가 몸에 배어 있어 교우 관계가 원만함.,2026,1
526,76,세특,"국어, 사회","국어 세특: 기업 IR 자료를 분석하여 재무제표(영업이익률, ROE)의 추세를 3년간 비교하고 투자 적합성 평가 보고서 작성. | 사회 세특: 플랫폼 비즈니스의 네트워크 효과를 분석하고 오프라인 기업의 디지털 전환 로드맵 제안.",2026,1
527,76,동아리,,"경영 동아리 – 마케팅 전략 프로젝트 팀장, 월 2회 회의 주도, 최종 발표 최우수",2026,1
528,76,봉사,,"지역 아동센터 봉사 – 주 1회, 연 40시간, 학습 지원 및 멘토링",2026,1
529,76,진로,,"창업 캠프(3박4일) – 스타트업 사업계획서 발표, 우수팀 선정",2026,1
530,76,수상,,학급 회장 봉사상,2026,1
531,76,독서,,『설득의 심리학』 – 마케팅 메시지 설계에 심리적 원리를 적용하는 보고서,2026,1
532,76,행동특성,,성실함이 돋보이며 정해진 규칙을 철저히 준수하는 준법정신이 뛰어남.,2026,1
533,77,세특,"수학, 창업","수학 세특: 마케팅 비용과 매출 간 관계를 선형 회귀분석으로 모델링하여 비용 효율이 가장 높은 채널을 특정하고 예산 배분 전략 제안. | 창업 동아리: SWOT·STP·4P 분석을 순서대로 적용한 마케팅 전략 보고서 작성, 교사 평가 최우수.",2026,1
534,77,동아리,,창업 동아리 – 린 스타트업 방법론으로 사업 아이디어 3건 기획·MVP 설계,2026,1
535,77,봉사,,"노인 복지관 봉사 – 식사 보조·말벗 서비스, 연 30시간",2026,1
536,77,진로,,"경영학과 대학 탐방 – 교수 면담, 전공 커리큘럼 조사",2026,1
537,77,수상,,창업아이디어 경진대회 동상 (교내),2026,1
538,77,독서,,"『빅데이터를 지배하는 통계의 힘』 – 데이터 분석 방법론, 소비자 행동 분석 적용",2026,1
539,77,행동특성,,끊임없이 새로운 아이디어를 제시하고 실현 가능성을 분석하는 창의적 사고력이 우수함.,2026,1
540,78,세특,"사회, 경제, 통합사회",통합사회 세특: CSR 활동이 브랜드 가치에 미치는 영향을 10개 기업 사례로 분석하고 SNS 마케팅 효과와의 연계성을 데이터로 검증. | 경제 세특: 소비자 행동 이론 기반 가격 탄력성 계산 후 3개 제품군의 최적 가격 전략 도출.,2026,1
541,78,동아리,,"경제 동아리 – 기업 분석 리포트 월 1회 작성, 연간 5편 발표",2026,1
542,78,봉사,,"청소년 멘토링 봉사 – 경제·진로 멘토링, 연 25시간",2026,1
543,78,진로,,"증권사 현장 직무 체험 – 리서치 부서, 기업 분석 보고서 실습",2026,1
544,78,수상,,없음,2026,1
545,78,독서,,"『린 스타트업』 – 스타트업 성장 전략 탐구, 독후감 및 적용 사례 발표",2026,1
546,78,행동특성,,학급 회장으로서 월 2회 회의를 주도하고 학생 의견을 반영한 학급 운영 계획을 수립함.,2026,1
547,79,세특,"국어, 수학",국어 세특: 『블루오션 전략』을 읽고 국내 10개 산업의 경쟁 강도를 분석하여 블루오션 기회를 발굴하고 진입 전략 수립. | 수학 세특: 포트폴리오 분산 투자 모델을 설계하여 리스크 대비 수익률을 최적화하는 비중 배분 계산.,2026,1
548,79,동아리,,"토론 동아리 – 경제·경영 논제 찬반 토론 주도, 최우수 토론자 2회 선정",2026,1
549,79,봉사,,"환경 정화 봉사 – 교내외 캠페인 참여, 연 15시간",2026,1
550,79,진로,,"중소기업 인턴십(2주) – 마케팅팀 실무, SNS 콘텐츠 기획안 제출",2026,1
551,79,수상,,창의경영대회 은상 (교내),2026,1
552,79,독서,,『마케팅 불변의 법칙』 – 포지셔닝 전략 현 기업 적용 에세이,2026,1
553,79,행동특성,,데이터를 다루는 능력이 탁월하며 수학적 근거를 바탕으로 논리적인 주장을 펼침.,2026,1
554,80,세특,"경제, 창업","경제 세특: 한국 주요 수출품목의 가격 경쟁력 변화를 분석하고 환율 변동이 기업 수익에 미치는 영향을 수치로 제시. | 창업 동아리: 글로벌 플랫폼 기업의 수익 모델을 비교분석하여 국내 시장 적용 가능성 평가, 데이터 기반 시장 진입 전략 발표.",2026,1
555,80,동아리,,"데이터분석 동아리 – 엑셀 기반 데이터 수집·시각화, 프로젝트 3건 완료",2026,1
556,80,봉사,,"푸드뱅크 봉사 – 물품 배분 운영, 연 20시간",2026,1
557,80,진로,,"경제 특강 수강 – 4회 연속 참여, 내용 정리 노트 제출 및 질의응답",2026,1
558,80,수상,,경제 경시대회 장려상 (지역),2026,1
559,80,독서,,『블루오션 전략』 – 경쟁 없는 시장 창출 전략을 국내 산업에 적용 분석,2026,1
560,80,행동특성,,자신의 진로에 확신을 갖고 교과 시간에 심화 질문을 던지는 탐구욕이 두드러짐.,2026,1
561,81,세특,"국어, 수학","국어 세특: 『마케팅 불변의 법칙』을 읽고 포지셔닝 전략을 기업 3곳(삼성·LG·애플)에 적용하여 차별화 요인을 분석하고 보고서 작성. | 수학 세특: 손익분기점 계산에 회귀분석을 도입하여 매출 변화 추세를 정량화, 변수 간 상관관계(r=0.87) 도출.",2026,1
562,81,동아리,,"경영 동아리 – 마케팅 전략 프로젝트 팀장, 월 2회 회의 주도, 최종 발표 최우수",2026,1
563,81,봉사,,"지역 아동센터 봉사 – 주 1회, 연 40시간, 학습 지원 및 멘토링",2026,1
564,81,진로,,"창업 캠프(3박4일) – 스타트업 사업계획서 발표, 우수팀 선정",2026,1
565,81,수상,,교과우수상 수학,2026,1
566,81,독서,,"『재무제표 읽는 법』 – 재무 지표 3가지를 기업 사례에 적용, 투자 적합성 평가",2026,1
567,81,행동특성,,급내 갈등 상황에서 중재자 역할을 수행하며 협력적 분위기를 조성함.,2026,1
568,82,세특,"사회, 경제",사회 세특: 국내외 기업 5곳의 ESG 탄소중립 전략을 비교분석하고 ESG 점수와 주가 수익률의 상관관계를 스프레드시트로 분석하여 발표. | 경제 세특: 독점적 경쟁 시장의 차별화 전략을 현실 기업 사례에 적용하여 마케팅 전략 효과를 평가.,2026,1
569,82,동아리,,창업 동아리 – 린 스타트업 방법론으로 사업 아이디어 3건 기획·MVP 설계,2026,1
570,82,봉사,,"노인 복지관 봉사 – 식사 보조·말벗 서비스, 연 30시간",2026,1
571,82,진로,,"경영학과 대학 탐방 – 교수 면담, 전공 커리큘럼 조사",2026,1
572,82,수상,,학급 회장 봉사상,2026,1
573,82,독서,,『경영의 미래』 – 디지털 전환 트렌드 분석 및 국내 기업 적용 방안 탐구,2026,1
574,82,행동특성,,매사에 긍정적이며 타인에 대한 배려가 몸에 배어 있어 교우 관계가 원만함.,2026,1
575,83,세특,"사회, 사회문화, 창업",창업 세특: 소비자 행동 설문(N=120)을 직접 설계·수집하고 SPSS 유사 도구로 구매 패턴 분석 후 핵심 변수 3가지를 도출하여 사업 아이디어에 반영. | 사회문화 세특: 조직 내 의사결정 구조를 분석하고 팀 프로젝트에서 역할 분담·일정 관리를 주도하여 우수상 수상.,2026,1
576,83,동아리,,"경제 동아리 – 기업 분석 리포트 월 1회 작성, 연간 5편 발표",2026,1
577,83,봉사,,"청소년 멘토링 봉사 – 경제·진로 멘토링, 연 25시간",2026,1
578,83,진로,,"증권사 현장 직무 체험 – 리서치 부서, 기업 분석 보고서 실습",2026,1
579,83,수상,,창업아이디어 경진대회 동상 (교내),2026,1
580,83,독서,,『설득의 심리학』 – 마케팅 메시지 설계에 심리적 원리를 적용하는 보고서,2026,1
581,83,행동특성,,성실함이 돋보이며 정해진 규칙을 철저히 준수하는 준법정신이 뛰어남.,2026,1
582,84,세특,"수학, 경제",수학 세특: 현금흐름 분석 모델을 설계하여 3개 기업의 투자 수익률을 비교하고 최적 투자안 도출. | 경제 세특: GDP 성장률과 소비자 지출 데이터를 수집하여 시계열 추세 분석 후 향후 2년 예측 모델 제시.,2026,1
583,84,동아리,,"토론 동아리 – 경제·경영 논제 찬반 토론 주도, 최우수 토론자 2회 선정",2026,1
584,84,봉사,,"환경 정화 봉사 – 교내외 캠페인 참여, 연 15시간",2026,1
585,84,진로,,"중소기업 인턴십(2주) – 마케팅팀 실무, SNS 콘텐츠 기획안 제출",2026,1
586,84,수상,,없음,2026,1
587,84,독서,,"『빅데이터를 지배하는 통계의 힘』 – 데이터 분석 방법론, 소비자 행동 분석 적용",2026,1
588,84,행동특성,,끊임없이 새로운 아이디어를 제시하고 실현 가능성을 분석하는 창의적 사고력이 우수함.,2026,1
589,85,세특,"창업, 경영, 진로","경영 세특: 스타트업 3곳의 비즈니스 모델을 분석하여 수익 구조 차이를 파악하고, 자체 창업 아이디어에 린 스타트업 방법론을 적용한 MVP 기획서 작성. | 진로 활동: SWOT 분석을 통해 사업 기회·위협 요소를 정량화하고 차별화 전략 수립.",2026,1
590,85,동아리,,"데이터분석 동아리 – 엑셀 기반 데이터 수집·시각화, 프로젝트 3건 완료",2026,1
591,85,봉사,,"푸드뱅크 봉사 – 물품 배분 운영, 연 20시간",2026,1
592,85,진로,,"경제 특강 수강 – 4회 연속 참여, 내용 정리 노트 제출 및 질의응답",2026,1
593,85,수상,,창의경영대회 은상 (교내),2026,1
594,85,독서,,"『린 스타트업』 – 스타트업 성장 전략 탐구, 독후감 및 적용 사례 발표",2026,1
595,85,행동특성,,학급 회장으로서 월 2회 회의를 주도하고 학생 의견을 반영한 학급 운영 계획을 수립함.,2026,1
596,86,세특,"국어, 사회","국어 세특: 기업 IR 자료를 분석하여 재무제표(영업이익률, ROE)의 추세를 3년간 비교하고 투자 적합성 평가 보고서 작성. | 사회 세특: 플랫폼 비즈니스의 네트워크 효과를 분석하고 오프라인 기업의 디지털 전환 로드맵 제안.",2026,1
597,86,동아리,,"경영 동아리 – 마케팅 전략 프로젝트 팀장, 월 2회 회의 주도, 최종 발표 최우수",2026,1
598,86,봉사,,"지역 아동센터 봉사 – 주 1회, 연 40시간, 학습 지원 및 멘토링",2026,1
599,86,진로,,"창업 캠프(3박4일) – 스타트업 사업계획서 발표, 우수팀 선정",2026,1
600,86,수상,,경제 경시대회 장려상 (지역),2026,1
601,86,독서,,『마케팅 불변의 법칙』 – 포지셔닝 전략 현 기업 적용 에세이,2026,1
602,86,행동특성,,데이터를 다루는 능력이 탁월하며 수학적 근거를 바탕으로 논리적인 주장을 펼침.,2026,1
603,87,세특,"수학, 창업","수학 세특: 마케팅 비용과 매출 간 관계를 선형 회귀분석으로 모델링하여 비용 효율이 가장 높은 채널을 특정하고 예산 배분 전략 제안. | 창업 동아리: SWOT·STP·4P 분석을 순서대로 적용한 마케팅 전략 보고서 작성, 교사 평가 최우수.",2026,1
604,87,동아리,,창업 동아리 – 린 스타트업 방법론으로 사업 아이디어 3건 기획·MVP 설계,2026,1
605,87,봉사,,"노인 복지관 봉사 – 식사 보조·말벗 서비스, 연 30시간",2026,1
606,87,진로,,"경영학과 대학 탐방 – 교수 면담, 전공 커리큘럼 조사",2026,1
607,87,수상,,교과우수상 수학,2026,1
608,87,독서,,『블루오션 전략』 – 경쟁 없는 시장 창출 전략을 국내 산업에 적용 분석,2026,1
609,87,행동특성,,자신의 진로에 확신을 갖고 교과 시간에 심화 질문을 던지는 탐구욕이 두드러짐.,2026,1
610,88,세특,"사회, 경제, 통합사회",통합사회 세특: CSR 활동이 브랜드 가치에 미치는 영향을 10개 기업 사례로 분석하고 SNS 마케팅 효과와의 연계성을 데이터로 검증. | 경제 세특: 소비자 행동 이론 기반 가격 탄력성 계산 후 3개 제품군의 최적 가격 전략 도출.,2026,1
611,88,동아리,,"경제 동아리 – 기업 분석 리포트 월 1회 작성, 연간 5편 발표",2026,1
612,88,봉사,,"청소년 멘토링 봉사 – 경제·진로 멘토링, 연 25시간",2026,1
613,88,진로,,"증권사 현장 직무 체험 – 리서치 부서, 기업 분석 보고서 실습",2026,1
614,88,수상,,학급 회장 봉사상,2026,1
615,88,독서,,"『재무제표 읽는 법』 – 재무 지표 3가지를 기업 사례에 적용, 투자 적합성 평가",2026,1
616,88,행동특성,,급내 갈등 상황에서 중재자 역할을 수행하며 협력적 분위기를 조성함.,2026,1
617,89,세특,"국어, 수학",국어 세특: 『블루오션 전략』을 읽고 국내 10개 산업의 경쟁 강도를 분석하여 블루오션 기회를 발굴하고 진입 전략 수립. | 수학 세특: 포트폴리오 분산 투자 모델을 설계하여 리스크 대비 수익률을 최적화하는 비중 배분 계산.,2026,1
618,89,동아리,,"토론 동아리 – 경제·경영 논제 찬반 토론 주도, 최우수 토론자 2회 선정",2026,1
619,89,봉사,,"환경 정화 봉사 – 교내외 캠페인 참여, 연 15시간",2026,1
620,89,진로,,"중소기업 인턴십(2주) – 마케팅팀 실무, SNS 콘텐츠 기획안 제출",2026,1
621,89,수상,,창업아이디어 경진대회 동상 (교내),2026,1
622,89,독서,,『경영의 미래』 – 디지털 전환 트렌드 분석 및 국내 기업 적용 방안 탐구,2026,1
623,89,행동특성,,매사에 긍정적이며 타인에 대한 배려가 몸에 배어 있어 교우 관계가 원만함.,2026,1
624,90,세특,"경제, 창업","경제 세특: 한국 주요 수출품목의 가격 경쟁력 변화를 분석하고 환율 변동이 기업 수익에 미치는 영향을 수치로 제시. | 창업 동아리: 글로벌 플랫폼 기업의 수익 모델을 비교분석하여 국내 시장 적용 가능성 평가, 데이터 기반 시장 진입 전략 발표.",2026,1
625,90,동아리,,"데이터분석 동아리 – 엑셀 기반 데이터 수집·시각화, 프로젝트 3건 완료",2026,1
626,90,봉사,,"푸드뱅크 봉사 – 물품 배분 운영, 연 20시간",2026,1
627,90,진로,,"경제 특강 수강 – 4회 연속 참여, 내용 정리 노트 제출 및 질의응답",2026,1
628,90,수상,,없음,2026,1
629,90,독서,,『설득의 심리학』 – 마케팅 메시지 설계에 심리적 원리를 적용하는 보고서,2026,1
630,90,행동특성,,성실함이 돋보이며 정해진 규칙을 철저히 준수하는 준법정신이 뛰어남.,2026,1
631,91,세특,"국어, 수학","국어 세특: 『마케팅 불변의 법칙』을 읽고 포지셔닝 전략을 기업 3곳(삼성·LG·애플)에 적용하여 차별화 요인을 분석하고 보고서 작성. | 수학 세특: 손익분기점 계산에 회귀분석을 도입하여 매출 변화 추세를 정량화, 변수 간 상관관계(r=0.87) 도출.",2026,1
632,91,동아리,,"경영 동아리 – 마케팅 전략 프로젝트 팀장, 월 2회 회의 주도, 최종 발표 최우수",2026,1
633,91,봉사,,"지역 아동센터 봉사 – 주 1회, 연 40시간, 학습 지원 및 멘토링",2026,1
634,91,진로,,"창업 캠프(3박4일) – 스타트업 사업계획서 발표, 우수팀 선정",2026,1
635,91,수상,,창의경영대회 은상 (교내),2026,1
636,91,독서,,"『빅데이터를 지배하는 통계의 힘』 – 데이터 분석 방법론, 소비자 행동 분석 적용",2026,1
637,91,행동특성,,끊임없이 새로운 아이디어를 제시하고 실현 가능성을 분석하는 창의적 사고력이 우수함.,2026,1
638,92,세특,"사회, 경제",사회 세특: 국내외 기업 5곳의 ESG 탄소중립 전략을 비교분석하고 ESG 점수와 주가 수익률의 상관관계를 스프레드시트로 분석하여 발표. | 경제 세특: 독점적 경쟁 시장의 차별화 전략을 현실 기업 사례에 적용하여 마케팅 전략 효과를 평가.,2026,1
639,92,동아리,,창업 동아리 – 린 스타트업 방법론으로 사업 아이디어 3건 기획·MVP 설계,2026,1
640,92,봉사,,"노인 복지관 봉사 – 식사 보조·말벗 서비스, 연 30시간",2026,1
641,92,진로,,"경영학과 대학 탐방 – 교수 면담, 전공 커리큘럼 조사",2026,1
642,92,수상,,경제 경시대회 장려상 (지역),2026,1
643,92,독서,,"『린 스타트업』 – 스타트업 성장 전략 탐구, 독후감 및 적용 사례 발표",2026,1
644,92,행동특성,,학급 회장으로서 월 2회 회의를 주도하고 학생 의견을 반영한 학급 운영 계획을 수립함.,2026,1
645,93,세특,"사회, 사회문화, 창업",창업 세특: 소비자 행동 설문(N=120)을 직접 설계·수집하고 SPSS 유사 도구로 구매 패턴 분석 후 핵심 변수 3가지를 도출하여 사업 아이디어에 반영. | 사회문화 세특: 조직 내 의사결정 구조를 분석하고 팀 프로젝트에서 역할 분담·일정 관리를 주도하여 우수상 수상.,2026,1
646,93,동아리,,"경제 동아리 – 기업 분석 리포트 월 1회 작성, 연간 5편 발표",2026,1
647,93,봉사,,"청소년 멘토링 봉사 – 경제·진로 멘토링, 연 25시간",2026,1
648,93,진로,,"증권사 현장 직무 체험 – 리서치 부서, 기업 분석 보고서 실습",2026,1
649,93,수상,,교과우수상 수학,2026,1
650,93,독서,,『마케팅 불변의 법칙』 – 포지셔닝 전략 현 기업 적용 에세이,2026,1
651,93,행동특성,,데이터를 다루는 능력이 탁월하며 수학적 근거를 바탕으로 논리적인 주장을 펼침.,2026,1
652,94,세특,"수학, 경제",수학 세특: 현금흐름 분석 모델을 설계하여 3개 기업의 투자 수익률을 비교하고 최적 투자안 도출. | 경제 세특: GDP 성장률과 소비자 지출 데이터를 수집하여 시계열 추세 분석 후 향후 2년 예측 모델 제시.,2026,1
653,94,동아리,,"토론 동아리 – 경제·경영 논제 찬반 토론 주도, 최우수 토론자 2회 선정",2026,1
654,94,봉사,,"환경 정화 봉사 – 교내외 캠페인 참여, 연 15시간",2026,1
655,94,진로,,"중소기업 인턴십(2주) – 마케팅팀 실무, SNS 콘텐츠 기획안 제출",2026,1
656,94,수상,,학급 회장 봉사상,2026,1
657,94,독서,,『블루오션 전략』 – 경쟁 없는 시장 창출 전략을 국내 산업에 적용 분석,2026,1
658,94,행동특성,,자신의 진로에 확신을 갖고 교과 시간에 심화 질문을 던지는 탐구욕이 두드러짐.,2026,1
659,95,세특,"창업, 경영, 진로","경영 세특: 스타트업 3곳의 비즈니스 모델을 분석하여 수익 구조 차이를 파악하고, 자체 창업 아이디어에 린 스타트업 방법론을 적용한 MVP 기획서 작성. | 진로 활동: SWOT 분석을 통해 사업 기회·위협 요소를 정량화하고 차별화 전략 수립.",2026,1
660,95,동아리,,"데이터분석 동아리 – 엑셀 기반 데이터 수집·시각화, 프로젝트 3건 완료",2026,1
661,95,봉사,,"푸드뱅크 봉사 – 물품 배분 운영, 연 20시간",2026,1
662,95,진로,,"경제 특강 수강 – 4회 연속 참여, 내용 정리 노트 제출 및 질의응답",2026,1
663,95,수상,,창업아이디어 경진대회 동상 (교내),2026,1
664,95,독서,,"『재무제표 읽는 법』 – 재무 지표 3가지를 기업 사례에 적용, 투자 적합성 평가",2026,1
665,95,행동특성,,급내 갈등 상황에서 중재자 역할을 수행하며 협력적 분위기를 조성함.,2026,1
666,96,세특,"국어, 사회","국어 세특: 기업 IR 자료를 분석하여 재무제표(영업이익률, ROE)의 추세를 3년간 비교하고 투자 적합성 평가 보고서 작성. | 사회 세특: 플랫폼 비즈니스의 네트워크 효과를 분석하고 오프라인 기업의 디지털 전환 로드맵 제안.",2026,1
667,96,동아리,,"경영 동아리 – 마케팅 전략 프로젝트 팀장, 월 2회 회의 주도, 최종 발표 최우수",2026,1
668,96,봉사,,"지역 아동센터 봉사 – 주 1회, 연 40시간, 학습 지원 및 멘토링",2026,1
669,96,진로,,"창업 캠프(3박4일) – 스타트업 사업계획서 발표, 우수팀 선정",2026,1
670,96,수상,,없음,2026,1
671,96,독서,,『경영의 미래』 – 디지털 전환 트렌드 분석 및 국내 기업 적용 방안 탐구,2026,1
672,96,행동특성,,매사에 긍정적이며 타인에 대한 배려가 몸에 배어 있어 교우 관계가 원만함.,2026,1
673,97,세특,"수학, 창업","수학 세특: 마케팅 비용과 매출 간 관계를 선형 회귀분석으로 모델링하여 비용 효율이 가장 높은 채널을 특정하고 예산 배분 전략 제안. | 창업 동아리: SWOT·STP·4P 분석을 순서대로 적용한 마케팅 전략 보고서 작성, 교사 평가 최우수.",2026,1
674,97,동아리,,창업 동아리 – 린 스타트업 방법론으로 사업 아이디어 3건 기획·MVP 설계,2026,1
675,97,봉사,,"노인 복지관 봉사 – 식사 보조·말벗 서비스, 연 30시간",2026,1
676,97,진로,,"경영학과 대학 탐방 – 교수 면담, 전공 커리큘럼 조사",2026,1
677,97,수상,,창의경영대회 은상 (교내),2026,1
678,97,독서,,『설득의 심리학』 – 마케팅 메시지 설계에 심리적 원리를 적용하는 보고서,2026,1
679,97,행동특성,,성실함이 돋보이며 정해진 규칙을 철저히 준수하는 준법정신이 뛰어남.,2026,1
680,98,세특,"사회, 경제, 통합사회",통합사회 세특: CSR 활동이 브랜드 가치에 미치는 영향을 10개 기업 사례로 분석하고 SNS 마케팅 효과와의 연계성을 데이터로 검증. | 경제 세특: 소비자 행동 이론 기반 가격 탄력성 계산 후 3개 제품군의 최적 가격 전략 도출.,2026,1
681,98,동아리,,"경제 동아리 – 기업 분석 리포트 월 1회 작성, 연간 5편 발표",2026,1
682,98,봉사,,"청소년 멘토링 봉사 – 경제·진로 멘토링, 연 25시간",2026,1
683,98,진로,,"증권사 현장 직무 체험 – 리서치 부서, 기업 분석 보고서 실습",2026,1
684,98,수상,,경제 경시대회 장려상 (지역),2026,1
685,98,독서,,"『빅데이터를 지배하는 통계의 힘』 – 데이터 분석 방법론, 소비자 행동 분석 적용",2026,1
686,98,행동특성,,끊임없이 새로운 아이디어를 제시하고 실현 가능성을 분석하는 창의적 사고력이 우수함.,2026,1
687,99,세특,"국어, 수학",국어 세특: 『블루오션 전략』을 읽고 국내 10개 산업의 경쟁 강도를 분석하여 블루오션 기회를 발굴하고 진입 전략 수립. | 수학 세특: 포트폴리오 분산 투자 모델을 설계하여 리스크 대비 수익률을 최적화하는 비중 배분 계산.,2026,1
688,99,동아리,,"토론 동아리 – 경제·경영 논제 찬반 토론 주도, 최우수 토론자 2회 선정",2026,1
689,99,봉사,,"환경 정화 봉사 – 교내외 캠페인 참여, 연 15시간",2026,1
690,99,진로,,"중소기업 인턴십(2주) – 마케팅팀 실무, SNS 콘텐츠 기획안 제출",2026,1
691,99,수상,,교과우수상 수학,2026,1
692,99,독서,,"『린 스타트업』 – 스타트업 성장 전략 탐구, 독후감 및 적용 사례 발표",2026,1
693,99,행동특성,,학급 회장으로서 월 2회 회의를 주도하고 학생 의견을 반영한 학급 운영 계획을 수립함.,2026,1
694,100,세특,"수학, 경제, 경영","경제 세특: ESG경영과 4차산업혁명 연계 탐구 — 오픈뱅킹·클라우드·AI금융·빅데이터·메타버스 키워드 기반 경영정보 심화 탐구 발표. | 수학 세특: 소비함수와 한계효용 개념을 미분으로 연계 탐구, 경제수학 연결 시도.",2026,1
695,100,동아리,,SW탐구반 – 경영정보 관련 데이터 분석 프로젝트 참여 (1학년 국악관현악반 → 2학년 전환),2026,1
696,100,봉사,,"서귀포 복지관 교육봉사 – 학습 지원 연속 활동, 연 20시간 이상",2026,1
697,100,진로,,이러닝·공유경제 관심 → 경영정보학 심화 탐구 → 디지털 금융 플랫폼 관련 진로 설계,2026,1
698,100,수상,,M&A 아이디어 공모전 금상 (교내) 외 다수,2026,1
699,100,독서,,『제로 투 원』 – 스타트업 전략 분석 / 『빅데이터 사람을 읽다』 – 데이터 경영 적용 탐구,2026,1
700,100,행동특성,,"경제·경영 분야에 대한 관심이 뚜렷하며, 자기주도적 탐구 활동과 리더십이 돋보이는 학생. 제주 지역 특수성을 극복하고 적극적으로 정보를 탐색하는 성장 가능성이 높음.",2026,1
